comment_id,video_id,author_channel_id,author_name,author_handle_norm,channel_id,channel_name,texto_original,texto_norm,texto_limpio,n_tokens,like_count,reply_count,n_urls,n_hashtags,n_menciones,n_emojis,source_group,source_query,published_text
Ugw-J65a1iYL9hqhELh4AaABAg,j43HgwYFKfk,UCdFlugHJJa4l3YqWuNRmvXw,@MarcosCarillo-b1r,marcoscarillo-b1r,UCE4rsXcgDb6e1-a9iTbWzfg,Quorum,Ese corrupto amigo de la vieja fiscal los tengo que verbose en la carcel,ese corrupto amigo de la vieja fiscal los tengo que verbose en la carcel,corrupto amigo viejo fiscal verbo carcel,6,0,0,0,0,0,0,topic,@quorumgt,hace 6 meses
Ugw-ZT9t9wU2V-tCaUZ4AaABAg,06mFNPU0aB8,UCvl1tzQeBeGy6efPTRJXSCw,@RaulPerez-cw2vi,raulperez-cw2vi,UCVpSRoZgngfSL03Nlbjtq9A,Noti7,"Están jóvenes porque no buscan un trabajo,  tuvieron suerte que no hay policías que le gusta del otro vando , por ir vestido de mujer se los hubieran ensamblado la maquinaria.",están jóvenes porque no buscan un trabajo tuvieron suerte que no hay policías que le gusta del otro vando por ir vestido de mujer se los hubieran ensamblado la maquinaria,joven buscar trabajo suerte policia gustar vando vestido mujer ensamblado maquinaria,11,0,0,0,0,0,0,topic,guatemala noticias,hace 2 semanas
Ugw0xaOb2CYXXoudtwJ4AaABAg,j43HgwYFKfk,UCRAquv8el-tQ30bN7MlmySQ,@iamjimalesssa,iamjimalesssa,UCE4rsXcgDb6e1-a9iTbWzfg,Quorum,"Me dejaron con ganas de demandar la ilegalidad de las reuniones virtuales, esto no es una maquila",me dejaron con ganas de demandar la ilegalidad de las reuniones virtuales esto no es una maquila,dejar gana demandar ilegalidad reunion virtual maquila,7,4,0,0,0,0,0,topic,@quorumgt,hace 1 año
Ugw0xgUc2ISpBr5_T654AaABAg,j43HgwYFKfk,UCkbsS_3D-pvg1iHOld9uvIg,@gonzalo6075,gonzalo6075,UCE4rsXcgDb6e1-a9iTbWzfg,Quorum,Veremos a este mafioso de Mazariegos en la cárcel y un buen tiempo en la sombra.,veremos a este mafioso de mazariegos en la cárcel y un buen tiempo en la sombra,ver mafioso mazariego carcel buen tiempo sombra,7,0,0,0,0,0,0,channel,@quorumgt/videos,hace 1 año
Ugw1ZzA21njWhaqQQTh4AaABAg,OkXlHx0hx-8,UCOLHH4ZpMxPYF-Q6e6wvn5A,@luisroldan7374,luisroldan7374,UCRwA1NUcUnwsly35ikGhp0A,Noticias Telemundo,"eso es para que salga de USA por su propio pie 
que se auto deporten",eso es para que salga de usa por su propio pie que se auto deporten,salir usar propio pie auto deportar,6,2,1,0,0,0,0,topic,guatemala noticias,hace 1 día
Ugw1ZzA21njWhaqQQTh4AaABAg.Aa9Tf29tBouAaB_XZQglTL,OkXlHx0hx-8,UCi2KiZq63sRq8Mfbcp-MelQ,@eugeneramirez4405,eugeneramirez4405,UCRwA1NUcUnwsly35ikGhp0A,Noticias Telemundo,Imagine if they had to walk back home.,imagine if they had to walk back home,imaginar they had walk back home,6,0,0,0,0,0,0,topic,guatemala noticias,hace 20 horas
Ugw2014OIYf336oytFt4AaABAg,yLZS3JiEBg8,UCXl30Y_upRqbti52fmjK4YA,@capitanfrans,capitanfrans,UCE4rsXcgDb6e1-a9iTbWzfg,Quorum,buenísima investigacion :hand-purple-blue-peace::hand-purple-blue-peace::hand-purple-blue-peace:,buenísima investigacion hand purple blue peace hand purple blue peace hand purple blue peace,bueno investigacion hand purple blue peace hand purple blue peace hand purple blue peace,14,0,0,0,0,0,0,channel,@quorumgt/videos,hace 2 años
Ugw2bSVOoNn2pc8ZcUl4AaABAg,n8iP75gIpmw,UCRelkU8JiZBytTzebJxaa-w,@danyraymundo2942,danyraymundo2942,UCE4rsXcgDb6e1-a9iTbWzfg,Quorum,"Lleven su lonchera, sacrifiquense un poco. Y reintevren ese dinero. O están robando.",lleven su lonchera sacrifiquense un poco y reintevren ese dinero o están robando,llevar lonchera sacrificar reintevren dinero robar,6,3,0,0,0,0,0,channel,@quorumgt/videos,hace 2 años
Ugw3gnUvLp6AqO0_odt4AaABAg,lj983NWyAQY,UCgLurCo-e019HGODcjXHWCw,@perritojuega1,perritojuega1,UCXa6LVjBzUtmcM3cwbd9e2w,Municipalidad de Guatemala,Viva Guatemala 🇬🇹🇬🇹🇬🇹🥳🥳🥳,viva guatemala,vivar guatemala,2,2,0,0,0,0,1,topic,Municipalidad de Guatemala,hace 5 años
Ugw4C1ijI36l6LAiSZh4AaABAg,n8iP75gIpmw,UCDIMztpVm7G27qBuiWuT6oQ,@lizardomorataya8274,lizardomorataya8274,UCE4rsXcgDb6e1-a9iTbWzfg,Quorum,LADRONES !!!!,ladrones,ladron,1,0,0,0,0,0,0,channel,@quorumgt/videos,hace 2 años
Ugw4St_YnT9_Ya5xSPt4AaABAg,ndAZjHqzzT8,UCZOmq6MwFDVoCaEl99BRRaw,@daniloarevalo3170,daniloarevalo3170,UCE4rsXcgDb6e1-a9iTbWzfg,Quorum,"Otro pequeño truco es que tenés un plan mensual de Gb y redes ilimitadas y luego te mandan mensaje que consumiste el 95% de tu plan y ahi viene el caos verificas el consumo de tus datos y solo has utilizado redes, con un mínimo de internet y por ende hay que hacer una recarga adicional,,, porque vas a averiguar y solo te dicen que sí consumiste tus datos y ya,,,,a recargar,,un negoció redondo para ambas empresas 🤮🤮😠😠💵💵",otro pequeño truco es que tenés un plan mensual de gb y redes ilimitadas y luego te mandan mensaje que consumiste el de tu plan y ahi viene el caos verificas el consumo de tus datos y solo has utilizado redes con un mínimo de internet y por ende hay que hacer una recarga adicional porque vas a averiguar y solo te dicen que sí consumiste tus datos y ya a recargar un negoció redondo para ambas empresas,pequeño truco plan mensual red ilimitado luego mandar mensaje consumir plan venir caos verificar consumo dato utilizar red minimo internet ende recarga adicional averiguar consumir dato recargar negociar redondo ambos empresa,31,0,0,0,0,0,1,channel,@quorumgt/videos,hace 1 año
Ugw4ccnmIWJaE6VNRWN4AaABAg,6W4u8sGEnGM,UCFybmWapGvBKcQod7cPPH9w,@vitalianochavez8382,vitalianochavez8382,UC-ZtFBHzgkYFh7whZkuR_Ag,Gobierno de la República de Guatemala,Que bien que cambio de nombre,que bien que cambio de nombre,cambio nombre,2,1,0,0,0,0,0,topic,Gobierno de la República de Guatemala,hace 5 días
Ugw5E402-fn52PLXFIJ4AaABAg,n8iP75gIpmw,UCh5ESQvtzyHDhCA7XyekCFA,@andyB5280,andyb5280,UCE4rsXcgDb6e1-a9iTbWzfg,Quorum,Tiene un poquito de oro y no habla como resolver los problemas .,tiene un poquito de oro y no habla como resolver los problemas,poquito oro habla resolver problema,5,0,0,0,0,0,0,channel,@quorumgt/videos,hace 2 años
Ugw5URsiAF9QVoniY-l4AaABAg,n8iP75gIpmw,UCWIZUtKJ636y-4TYrNvok0g,@cesarandreas7824,cesarandreas7824,UCE4rsXcgDb6e1-a9iTbWzfg,Quorum,"Si a los diputados no les alcanza el sueldo que se busquen otro trabajo,  ya sea de los departamentos o de la capital.",si a los diputados no les alcanza el sueldo que se busquen otro trabajo ya sea de los departamentos o de la capital,diputado alcanzar sueldo buscar trabajo departamento capital,7,5,0,0,0,0,0,channel,@quorumgt/videos,hace 2 años
Ugw5xMAuDaygo77ynI94AaABAg,n8iP75gIpmw,UCzoL2l5H5eVlorWGH8AZfAg,@jor77cas,jor77cas,UCE4rsXcgDb6e1-a9iTbWzfg,Quorum,"Lamentable son las EXCUSAS,  reclama que porque no se ve el trabajo que realizan, sueldon para que se costeen sus propios alimentos, pero tienen que ir a restaurantes de lujo y el PUEBLO luchando para llevar un pan a su mesa, muchos ni a eso llegan  ...",lamentable son las excusas reclama que porque no se ve el trabajo que realizan sueldon para que se costeen sus propios alimentos pero tienen que ir a restaurantes de lujo y el pueblo luchando para llevar un pan a su mesa muchos ni a eso llegan,lamentable excusa reclamar trabajo realizar sueldon costear propio alimento restaurante lujo pueblo luchar llevar pan mesa llegar,17,6,0,0,0,0,0,channel,@quorumgt/videos,hace 2 años (editado)
Ugw6cfXYfV4H-asKlDR4AaABAg,TT4qJ5FXHYE,UCKVzDUqbtdSMBcexaEtMmzQ,@rotorairgroup8409,rotorairgroup8409,UCE4rsXcgDb6e1-a9iTbWzfg,Quorum,No se ve un deporte dinamico ni entretenido. El trasfondo de este juego era bastante macabro y refleja la oscuridad de las culturas pre colombinas en America. No le encuentro sentido a recrear algo tan negativo y arcaico.,no se ve un deporte dinamico ni entretenido el trasfondo de este juego era bastante macabro y refleja la oscuridad de las culturas pre colombinas en america no le encuentro sentido a recrear algo tan negativo y arcaico,deporte dinamico entretenido trasfondo juego bastante macabro reflejar oscuridad cultura pre colombino america encuentro recrear negativo arcaico,17,0,0,0,0,0,0,channel,@quorumgt/videos,hace 2 años
Ugw74asIfir0_SVC6OB4AaABAg,j43HgwYFKfk,UCNpt5CQlTzNjlAKY6CJtClQ,@eustaquiogomez9975,eustaquiogomez9975,UCE4rsXcgDb6e1-a9iTbWzfg,Quorum,Denle golpe universitario (de estado). Lo puede hacer el CSU?,denle golpe universitario de estado lo puede hacer el csu,denle golpe universitario csu,4,0,0,0,0,0,0,channel,@quorumgt/videos,hace 1 año
Ugw86zOgTwKzYotlT9l4AaABAg,n8iP75gIpmw,UCut6b9S98nv84cVX89PmKzA,@yeniferaguirre4498,yeniferaguirre4498,UCE4rsXcgDb6e1-a9iTbWzfg,Quorum,Y el pueblo muriéndose de hambre muchas madres de familia ganando 50 quetzales al día y en algunos departamentos solo ganan 30 te voy a dar mención una aldea llamada el jabalí 30 quetzales al día gana algunas personas ganan 300 quetzales a la semana fiestas sanguijuelas se los comieron en un almuerzo,y el pueblo muriéndose de hambre muchas madres de familia ganando quetzales al día y en algunos departamentos solo ganan te voy a dar mención una aldea llamada el jabalí quetzales al día gana algunas personas ganan quetzales a la semana fiestas sanguijuelas se los comieron en un almuerzo,pueblo morir hambre madre familia ganar quetzal dia departamento ganar mencion aldea llamada jabali quetzal dia gana persona ganar quetzal semana fiesta sanguijuela comer almuerzo,25,1,0,0,0,0,0,channel,@quorumgt/videos,hace 2 años
Ugw8iZ_G2Cwq-9ZYctt4AaABAg,j43HgwYFKfk,UCQyOePccUP-fIJYzchAgZYw,@aguilar4254,aguilar4254,UCE4rsXcgDb6e1-a9iTbWzfg,Quorum,"Pues son muchos los alumnos hay que unirse se han quedado con la pata del Walter en el cuello, fuera hay que sacarlos",pues son muchos los alumnos hay que unirse se han quedado con la pata del walter en el cuello fuera hay que sacarlos,pues alumno unir quedar pata walter cuello sacar,8,0,0,0,0,0,0,channel,@quorumgt/videos,hace 6 meses
Ugw8pyxscJNUQpfoKuF4AaABAg,n8iP75gIpmw,UCOLGv5Pf6BF2wFcwUzgcvHg,@welfrealdana5559,welfrealdana5559,UCE4rsXcgDb6e1-a9iTbWzfg,Quorum,Todos lis que trabajan en la capital pagamos apartamento y no tenemos carro y gasolina gratis,todos lis que trabajan en la capital pagamos apartamento y no tenemos carro y gasolina gratis,lis trabajar capital pagar apartamento carro gasolina gratis,8,4,0,0,0,0,0,channel,@quorumgt/videos,hace 2 años
Ugw9_Qw_QaSdggWuKJt4AaABAg,06mFNPU0aB8,UCAxvOOHQk7dYPOajzFEVtbA,@ruddydepaz322,ruddydepaz322,UCVpSRoZgngfSL03Nlbjtq9A,Noti7,Las dos se ubieran vestido de rosita con tacones y medias.Dia y noche no les ba faltar de todos calibres .delen una bolsa de pintalabios también .,las dos se ubieran vestido de rosita con tacones y medias dia y noche no les ba faltar de todos calibres delen una bolsa de pintalabios también,dos ubieran vestido rosita tacon media dia noche faltar calibre delen bolsa pintalabios,13,0,0,0,0,0,0,topic,guatemala noticias,hace 2 semanas
Ugw9eye2GML6RHRSu-14AaABAg,n8iP75gIpmw,UCQ_-LPP8JAbfkc-b1Q6NvWw,@MegaKristenstewart,megakristenstewart,UCE4rsXcgDb6e1-a9iTbWzfg,Quorum,La gente muriendose de hambre y esos ladrones comiendo de maravilla que verguenza...,la gente muriendose de hambre y esos ladrones comiendo de maravilla que verguenza,morir hambre ladron comer maravilla verguenza,6,31,0,0,0,0,0,channel,@quorumgt/videos,hace 2 años
UgwA5aTmgACLCuTUT494AaABAg,lj983NWyAQY,UCXmrpc6Li0spcKxtS0Q_ptg,@melvinperez6710,melvinperez6710,UCXa6LVjBzUtmcM3cwbd9e2w,Municipalidad de Guatemala,Guatemala nunca se tube que llamar guatemala dino guatebella guatehermosa guatelinda la eterna primavera es guatebella abrazos hnos de un salvadoreno que viva el amor y la armonia,guatemala nunca se tube que llamar guatemala dino guatebella guatehermosa guatelinda la eterna primavera es guatebella abrazos hnos de un salvadoreno que viva el amor y la armonia,guatemala nunca tube llamar guatemala dino guatebella guatehermoso guatelinda eterno primavera guatebella abrazo hnos salvadoreno vivar amor armonia,18,10,0,0,0,0,0,topic,Municipalidad de Guatemala,hace 6 años
UgwARHTnVAzzPrHbNox4AaABAg,n8iP75gIpmw,UCZ51R_9Q9C0c8I3pAWhtmjQ,@belvettzapeta1251,belvettzapeta1251,UCE4rsXcgDb6e1-a9iTbWzfg,Quorum,Me parece excelente esta entrevista,me parece excelente esta entrevista,parecer excelente entrevista,3,8,0,0,0,0,0,channel,@quorumgt/videos,hace 2 años
UgwBIwUPLGxEWAu3Mh14AaABAg,X_FAIef8qlE,UCPLW0HE3siElqCgXfgWxMqg,@elizabethmonterroso7719,elizabethmonterroso7719,UCE4rsXcgDb6e1-a9iTbWzfg,Quorum,"¿Como se subscribe uno al boletín informativo? 
Yo intenté desde la pagina web pero  los teléfonos que tienen colocados  dice telgua que no existen. Y WhatsApp igual dice que ese teléfono no existe.",como se subscribe uno al boletín informativo yo intenté desde la pagina web pero los teléfonos que tienen colocados dice telgua que no existen y whatsapp igual dice que ese teléfono no existe,subscribir boletin informativo intentar pagina web telefono colocar telgua existir whatsapp igual telefono existir,14,0,0,0,0,0,0,channel,@quorumgt/videos,hace 5 meses
UgwCW5PErySUmwse3bZ4AaABAg,OkXlHx0hx-8,UCxhtlxPV8AYWaNNyU6S9H8Q,@WilR-s8r,wilr-s8r,UCRwA1NUcUnwsly35ikGhp0A,Noticias Telemundo,Pero hay que ver el lado bueno si los deportan por la Frontera los carteles los secuestran para sacar dinero a los familiares en USA,pero hay que ver el lado bueno si los deportan por la frontera los carteles los secuestran para sacar dinero a los familiares en usa,ver lado bueno deportar frontera cartel secuestrar sacar dinero familiar usar,11,0,0,0,0,0,0,topic,guatemala noticias,hace 1 día
UgwCfRlzeiXz172UQQV4AaABAg,yLZS3JiEBg8,UCvcu1kR8xMYy_I1Ty-2mV2Q,@hashojea7348,hashojea7348,UCE4rsXcgDb6e1-a9iTbWzfg,Quorum,"Este video debe llegar a muchas personas, es muy buena información",este video debe llegar a muchas personas es muy buena información,llegar persona buen informacion,4,0,0,0,0,0,0,channel,@quorumgt/videos,hace 2 años
UgwCw9bhAw6suYQfCWx4AaABAg,j43HgwYFKfk,UCaKAjTW9MVub_clgr4DRYjQ,@josecastillo4390,josecastillo4390,UCE4rsXcgDb6e1-a9iTbWzfg,Quorum,Qué lujooo de contenidooooo 🔥,qué lujooo de contenidooooo,lujooo contenidooooo,2,6,0,0,0,0,1,topic,@quorumgt,hace 1 año
UgwEOUk-ofXNqkHW5Cx4AaABAg,n8iP75gIpmw,UCxff05WuyvwELNITi7bj7UA,@markoherrera,markoherrera,UCE4rsXcgDb6e1-a9iTbWzfg,Quorum,"Desde que dijo que qué hacían los periodistas por el país lo deje de escuchar, no me quiero picar el hígado",desde que dijo que qué hacían los periodistas por el país lo deje de escuchar no me quiero picar el hígado,periodista pais dejar escuchar picar higado,6,3,0,0,0,0,0,channel,@quorumgt/videos,hace 2 años
UgwEQHx8Ik7SbxBTQ914AaABAg,n8iP75gIpmw,UCZLG9qH0tUjNhEGFIUt0CYw,@SoniaMarroquin-y6e,soniamarroquin-y6e,UCE4rsXcgDb6e1-a9iTbWzfg,Quorum,Otros nuevos corruptos,otros nuevos corruptos,nuevo corrupto,2,1,0,0,0,0,0,channel,@quorumgt/videos,hace 2 años
UgwEjfj5ueeimHg-Hbt4AaABAg,j43HgwYFKfk,UCwgCc9Jd_gG-uLE_SY-FfPg,@armindapenados2841,armindapenados2841,UCE4rsXcgDb6e1-a9iTbWzfg,Quorum,¡¡¡La USAC NO tiene rector sólo un usurpador!!!,la usac no tiene rector sólo un usurpador,usac rector usurpador,3,0,0,0,0,0,0,channel,@quorumgt/videos,hace 1 año
UgwG3XiEgFlHKtrtTqd4AaABAg,n8iP75gIpmw,UCXSkL3ejZ8qWYyF_M7s_QKA,@JacintaTzoy,jacintatzoy,UCE4rsXcgDb6e1-a9iTbWzfg,Quorum,"Entoces las mismas 💩😡 Junta Directiva haciéndose de las suyas con el dinero del Estado. Ya basta de tanto robo, barriles sin fondos..💩😡",entoces las mismas junta directiva haciéndose de las suyas con el dinero del estado ya basta de tanto robo barriles sin fondos,entoces mismo junta directiva dinero bastar robo barril fondo,9,0,0,0,0,0,2,channel,@quorumgt/videos,hace 2 años
UgwGm1V-_GN1ZPcijdl4AaABAg,n8iP75gIpmw,UChs3tU2BcKOT0CezykvAsGw,@byronpontaza,byronpontaza,UCE4rsXcgDb6e1-a9iTbWzfg,Quorum,"Eso es lo que yo no entiendo de los periodistas, porque ahora atacan con tanto entusiasmo estas cosas, en el gobierno anterior estuvieron callados, o en ese tiempo también ellos recibían sus pagos",eso es lo que yo no entiendo de los periodistas porque ahora atacan con tanto entusiasmo estas cosas en el gobierno anterior estuvieron callados o en ese tiempo también ellos recibían sus pagos,entender periodista atacar entusiasmo gobierno anterior callar tiempo recibir pago,10,2,0,0,0,0,0,channel,@quorumgt/videos,hace 2 años
UgwHY5LtTiQ0lBONp8N4AaABAg,n8iP75gIpmw,UC6PvO1_k5lHKGdAPo5_C6TA,@johnmejia992,johnmejia992,UCE4rsXcgDb6e1-a9iTbWzfg,Quorum,"Tanto mierda este programa... tiene razón pero 
Y porque no le tira así a los corruptos",tanto mierda este programa tiene razón pero y porque no le tira así a los corruptos,mierda programa razon tira corrupto,5,1,0,0,0,0,0,channel,@quorumgt/videos,hace 2 años
UgwIB06iEQnFOFLc9et4AaABAg,6W4u8sGEnGM,UCwxoKK59nGCeBqB2sXfDBIw,@vic-bonivideos,vic-bonivideos,UC-ZtFBHzgkYFh7whZkuR_Ag,Gobierno de la República de Guatemala,"Indignante COMO EXISTEN unos GUATEMALTECOS ESTÚPIDOS , los PROYECTOS, SON PROYECTOS DE ESTADOS no de PARTIDOS POLÍTICOS, lo que hubiera estado HACIENDO EL ZURDO PRESIDENTE era INAURANDO su CONSTRUCCIÓN no reempezar lo que hace 3 años empezó así como el el puente Roosevelt no tuvo ningún cambio fue lo que ya estaba expuesto, lo que sucede que siempre llega otro delincuente y quiere su mordida ese PROSUPUESTO YA ESTABA ECHO ..",indignante como existen unos guatemaltecos estúpidos los proyectos son proyectos de estados no de partidos políticos lo que hubiera estado haciendo el zurdo presidente era inaurando su construcción no reempezar lo que hace años empezó así como el el puente roosevelt no tuvo ningún cambio fue lo que ya estaba expuesto lo que sucede que siempre llega otro delincuente y quiere su mordida ese prosupuesto ya estaba echo,indignante existir guatemalteco estupido proyecto proyecto partido politico zurdo presidente inaurando construccion reempezar empezar puente roosevelt ninguno cambio exponer suceder siempre llegar delincuente morder prosupuesto echar,26,0,1,0,0,0,0,topic,Gobierno de la República de Guatemala,hace 6 días
UgwIB06iEQnFOFLc9et4AaABAg.Aa-0m2jDJt2Aa42DVzs9Zy,6W4u8sGEnGM,UCWaRixDdpgllTBf4V0jPnKQ,@hectormaaz5523,hectormaaz5523,UC-ZtFBHzgkYFh7whZkuR_Ag,Gobierno de la República de Guatemala,Tantos.que empezaron y no llegaron ni siquiera a la mitad puentes donde no hay Rio para robar el dinero y este presidente llegó para hacer algo diferente y eso que no vote por el pues tampoco he cotado por los corruptos pero a este presente si votaría por el si fuera posible,tantos que empezaron y no llegaron ni siquiera a la mitad puentes donde no hay rio para robar el dinero y este presidente llegó para hacer algo diferente y eso que no vote por el pues tampoco he cotado por los corruptos pero a este presente si votaría por el si fuera posible,empezar llegar siquiera mitad puente reir robar dinero presidente llegar diferente votar pues tampoco cotar corrupto presente votar posible,19,0,0,0,0,0,0,topic,Gobierno de la República de Guatemala,hace 4 días (editado)
UgwIBBqN6fh6MURkwkN4AaABAg,j43HgwYFKfk,UCkVtmkK07b2zaVVNssX4lOg,@HectorElias-u2l,hectorelias-u2l,UCE4rsXcgDb6e1-a9iTbWzfg,Quorum,"Mucha importancia le dan a éste ladrón maldito,",mucha importancia le dan a éste ladrón maldito,importancia ladron maldito,3,0,0,0,0,0,0,topic,@quorumgt,hace 6 meses
UgwIiqrp6EYNoFmnBAR4AaABAg,n8iP75gIpmw,UCN6qbfPSzFtjhqUDZ3Cv3CQ,@carlosmedranovelasquez6380,carlosmedranovelasquez6380,UCE4rsXcgDb6e1-a9iTbWzfg,Quorum,"O sea que si es válido que se den sus gustos con el dinero de los guatemaltecos, es una sinverguenzada, para eso tienen jugosos salarios no le roben al pueblo",o sea que si es válido que se den sus gustos con el dinero de los guatemaltecos es una sinverguenzada para eso tienen jugosos salarios no le roben al pueblo,valido gusto dinero guatemalteco sinverguenzada jugoso salario robar pueblo,9,2,0,0,0,0,0,channel,@quorumgt/videos,hace 2 años
UgwIlv8gtF3WKYfHSJJ4AaABAg,j43HgwYFKfk,UC95PSMouTx2N5CbSq0hIyrQ,@lisss1908,lisss1908,UCE4rsXcgDb6e1-a9iTbWzfg,Quorum,😮,,,0,0,0,0,0,0,1,channel,@quorumgt/videos,hace 1 año
UgwJ4UehO5E4j0niJU14AaABAg,n8iP75gIpmw,UCueV9cTyTDwgQSec1x2dYgA,@fredydomingo7062,fredydomingo7062,UCE4rsXcgDb6e1-a9iTbWzfg,Quorum,😂😂😂😂solo pajas😅😅que político gasta su dinero por el país,solo pajas que político gasta su dinero por el país,paja politico gastar dinero pais,5,0,0,0,0,0,2,channel,@quorumgt/videos,hace 1 año
UgwJMFYT7I9czw_oa0V4AaABAg,n8iP75gIpmw,UC5H8ASmMC9WrURmzeB4ySog,@ManuelEdran,manueledran,UCE4rsXcgDb6e1-a9iTbWzfg,Quorum,No es el tema centrese y aclare...,no es el tema centrese y aclare,tema centrar aclarar,3,1,0,0,0,0,0,channel,@quorumgt/videos,hace 2 años
UgwJN55EmMcKPRb_AfB4AaABAg,n8iP75gIpmw,UCHhHUjaMAZ8SiXdCUCj9DkQ,@fredymendez1786,fredymendez1786,UCE4rsXcgDb6e1-a9iTbWzfg,Quorum,hay cosas que yo no entiendo de Guatemala que a mi suena ilogico. Dandole almuerzos gratis a funcionarios publico? a poco no es suficiente con todos los robos que hacen aparte de los salarios incontables que tienen. Porque no crean un fondo mas para las escuelas para que los niños desnutridos que seria de gran ayuda para los padres.,hay cosas que yo no entiendo de guatemala que a mi suena ilogico dandole almuerzos gratis a funcionarios publico a poco no es suficiente con todos los robos que hacen aparte de los salarios incontables que tienen porque no crean un fondo mas para las escuelas para que los niños desnutridos que seria de gran ayuda para los padres,entender guatemala sonar ilogico almuerzo gratis funcionario publicar suficiente robo aparte salario incontable crear fondo escuela niño desnutrir gran ayuda padre,21,1,0,0,0,0,0,channel,@quorumgt/videos,hace 2 años
UgwKjHT5lyjLiqR9ym94AaABAg,n8iP75gIpmw,UCgvw7xIdGFupzpt1Y_BFkEA,@fredygarcia9151,fredygarcia9151,UCE4rsXcgDb6e1-a9iTbWzfg,Quorum,Si hacen algo bueno para guate es por eso que se les paga.,si hacen algo bueno para guate es por eso que se les paga,bueno guate paga,3,1,0,0,0,0,0,channel,@quorumgt/videos,hace 2 años
UgwL_UlN82zRUeNgVDh4AaABAg,j43HgwYFKfk,UCeDNEtI8_a42bZ47wJiJMwQ,@EdgarcalderonCalderong,edgarcalderoncalderong,UCE4rsXcgDb6e1-a9iTbWzfg,Quorum,SECUESTRADOR DE LA U DE SAN CARLOS,secuestrador de la u de san carlos,secuestrador santo carlos,3,0,0,0,0,0,0,channel,@quorumgt/videos,hace 1 año
UgwMfCTNaiukOxMqfON4AaABAg,6W4u8sGEnGM,UCiOZX__1gahg1ypIj0_XG_w,@mariogonzalezorellana8956,mariogonzalezorellana8956,UC-ZtFBHzgkYFh7whZkuR_Ag,Gobierno de la República de Guatemala,Pero ya enseña,pero ya enseña,enseña,1,1,0,0,0,0,0,topic,Gobierno de la República de Guatemala,hace 6 días
UgwNvErOoJ_qRYF6TB94AaABAg,j43HgwYFKfk,UCqCrvuoJpC-aVb0f4logQRQ,@Lyrics_GT,lyrics_gt,UCE4rsXcgDb6e1-a9iTbWzfg,Quorum,"Es una buena universidad, ahí estudio mi hermano, sin embargo es una universidad manchada por los malditos rojos, los asquerosos Comunistas que salen a manifestar en la huelga.",es una buena universidad ahí estudio mi hermano sin embargo es una universidad manchada por los malditos rojos los asquerosos comunistas que salen a manifestar en la huelga,buen universidad estudio hermano embargo universidad manchar maldito rojo asqueroso comunista salir manifestar huelga,14,0,0,0,0,0,0,channel,@quorumgt/videos,hace 1 año
UgwO8kzHC551ofxNYCV4AaABAg,TT4qJ5FXHYE,UCld2stqxaVSk0QdGncM224A,@sarahernandez3873,sarahernandez3873,UCE4rsXcgDb6e1-a9iTbWzfg,Quorum,¡Que excelente iniciativa y equipo de emprendimeitno por rescatar las tradiciones de Guatemala! Esperamos que puedan seguir avanzando y que este juego se vuelva algo mucho más popular entre las nuevas generaciones. ¡Bravo!,que excelente iniciativa y equipo de emprendimeitno por rescatar las tradiciones de guatemala esperamos que puedan seguir avanzando y que este juego se vuelva algo mucho más popular entre las nuevas generaciones bravo,excelente iniciativa equipo emprendimeitno rescatar tradicion guatemala esperar seguir avanzar juego volver popular nuevo generacion bravo,16,4,0,0,0,0,0,channel,@quorumgt/videos,hace 4 años
UgwPCZZx2gI444cg2AV4AaABAg,n8iP75gIpmw,UCpIdtvoFHVLGASGB5ySqIEA,@VidalVillatoro-p4w,vidalvillatoro-p4w,UCE4rsXcgDb6e1-a9iTbWzfg,Quorum,Este diputado no deja  hablar a los periodistas  y trata de confundir a la población con sus respuestas justificando las armadas que se da con el dinero del pu3blo,este diputado no deja hablar a los periodistas y trata de confundir a la población con sus respuestas justificando las armadas que se da con el dinero del pu blo,diputado dejar hablar periodista tratar confundir poblacion respuesta justificar armado dinero blo,12,1,0,0,0,0,0,channel,@quorumgt/videos,hace 2 años
UgwRLgDGrh-_TEVNOYh4AaABAg,OkXlHx0hx-8,UCtiHFjFu7d5v2XxHnKFUYig,@Paul-gf7ec,paul-gf7ec,UCRwA1NUcUnwsly35ikGhp0A,Noticias Telemundo,También hay personas que se hacen pasar por mexicanos para que los deporté a México y regresar más rápido a Usa,también hay personas que se hacen pasar por mexicanos para que los deporté a méxico y regresar más rápido a usa,persona pasar mexicano deportar mexico regresar rapido usar,8,0,0,0,0,0,0,topic,guatemala noticias,hace 1 día
UgwSDn5aIUEZwOlx9c94AaABAg,zweosulrwA8,UCQM2tCKRRytVDRxNUfCDqQQ,@elioelias7267,elioelias7267,UCE4rsXcgDb6e1-a9iTbWzfg,Quorum,❤🎉,,,0,0,0,0,0,0,1,channel,@quorumgt/videos,hace 2 meses
UgwSt406Q1HWBWCewI14AaABAg,6W4u8sGEnGM,UCWvntqPQx99k_Z_skWKqNSA,@AntonioChiyal-x5s,antoniochiyal-x5s,UC-ZtFBHzgkYFh7whZkuR_Ag,Gobierno de la República de Guatemala,5 anos mas precidente,anos mas precidente,ano precidente,2,2,1,0,0,0,0,topic,Gobierno de la República de Guatemala,hace 5 días
UgwSt406Q1HWBWCewI14AaABAg.Aa-KmSVE5UgAa-M7iXQwik,6W4u8sGEnGM,UCoGdCoJg2Lh0OX_jv6cG16g,@Israel-u5i7i,israel-u5i7i,UC-ZtFBHzgkYFh7whZkuR_Ag,Gobierno de la República de Guatemala,Ojalá se pudiera,ojalá se pudiera,ojala,1,0,0,0,0,0,0,topic,Gobierno de la República de Guatemala,hace 5 días
UgwTyYcT2aNvGA5DK4J4AaABAg,n8iP75gIpmw,UChgkn5Jt5tWKYMoEOuCjz3Q,@pablochitay46,pablochitay46,UCE4rsXcgDb6e1-a9iTbWzfg,Quorum,Por primera vez deacuerdo con pedro.,por primera vez deacuerdo con pedro,primero deacuerdo pedro,3,2,0,0,0,0,0,channel,@quorumgt/videos,hace 2 años
UgwUZL4XYbr2lbEi1r94AaABAg,j43HgwYFKfk,UCiC-Jn7wdgyQV4_Urk0DkWQ,@pedroros6358,pedroros6358,UCE4rsXcgDb6e1-a9iTbWzfg,Quorum,"En julio de 2022 al haber asumido como Rector de Facto, eligieron a Héctor Hugo Pérez Aguilera como representante Titular de la USAC ante la Corte de Constitucionalidad.",en julio de al haber asumido como rector de facto eligieron a héctor hugo pérez aguilera como representante titular de la usac ante la corte de constitucionalidad,julio asumir rector facto eligir hector hugo perez aguilera representante titular usac corte constitucionalidad,14,1,0,0,0,0,0,channel,@quorumgt/videos,hace 1 año
UgwXm2HjtCzRKiDHflJ4AaABAg,JkpVO1hx2f8,UCQIdKuZ-OzuFqy0KjGrgesg,@lyacausa,lyacausa,UCE4rsXcgDb6e1-a9iTbWzfg,Quorum,Guatemala solo cambia de dictadura cada 4 años,guatemala solo cambia de dictadura cada años,guatemala cambiar dictadura,3,1,0,0,0,0,0,channel,@quorumgt/videos,hace 1 año
UgwY0wdDJRzHsTCnLbN4AaABAg,n8iP75gIpmw,UCXr8_5WtGeipe4haOoQDgyQ,@amyherrera7352,amyherrera7352,UCE4rsXcgDb6e1-a9iTbWzfg,Quorum,"Ala! Que tipo necio y descarado!  Hipócrita!
Comen y después hablan de desnutrición! Que colmo!
Gracias por cumplir con el mandato periodístico!",ala que tipo necio y descarado hipócrita comen y después hablan de desnutrición que colmo gracias por cumplir con el mandato periodístico,ala tipo necio descarar hipocrita comer despues hablar desnutricion colmo cumplir mandato periodistico,13,0,0,0,0,0,0,channel,@quorumgt/videos,hace 2 años
UgwY2FW-3sBGV2CGxaJ4AaABAg,06mFNPU0aB8,UC_3xuTXvMIWU5MYP9HkJ3vQ,@Historia-wm4os,historia-wm4os,UCVpSRoZgngfSL03Nlbjtq9A,Noti7,Excelente trabajo señores agentes que Dios me los cuide mucho,excelente trabajo señores agentes que dios me los cuide mucho,excelente trabajo agente dios cuidar,5,4,0,0,0,0,0,topic,guatemala noticias,hace 2 semanas
UgwYTL5-XYvmQxsC3Bt4AaABAg,n8iP75gIpmw,UCFjudnPLoaSL1BaRuLahyHg,@HaroldoCastillo-rh9iw,haroldocastillo-rh9iw,UCE4rsXcgDb6e1-a9iTbWzfg,Quorum,"Estos siempre andan viendo como comen del pueblo. Si no les basta el sueldo, busquen otro trabajo y por qué lugares tan caros, porque no es su dinero...",estos siempre andan viendo como comen del pueblo si no les basta el sueldo busquen otro trabajo y por qué lugares tan caros porque no es su dinero,siempre andar ver comer pueblo bastar sueldo buscar trabajo lugar caro dinero,12,1,0,0,0,0,0,channel,@quorumgt/videos,hace 2 años
UgwYaHf9EYIl5Pf-y514AaABAg,n8iP75gIpmw,UC-pNP6RMFuLg_-x7Ah_0kEA,@almacatalan2717,almacatalan2717,UCE4rsXcgDb6e1-a9iTbWzfg,Quorum,"Bien mentirosito ese diputado Nery Rodas, si tanto quiere a Guatemala que ellos paguen su almuerzo, porque el pueblo?",bien mentirosito ese diputado nery rodas si tanto quiere a guatemala que ellos paguen su almuerzo porque el pueblo,mentirosito diputado nery roda guatemala pagar almuerzo pueblo,8,5,0,0,0,0,0,channel,@quorumgt/videos,hace 2 años
UgwZw9X6DpxCIJ6YkXZ4AaABAg,PjmxCj-a9Hg,UC1Y7x3h0c95Z8kUhi-Tzaeg,@rosadiaz9235,rosadiaz9235,UC-ZtFBHzgkYFh7whZkuR_Ag,Gobierno de la República de Guatemala,Siii por tanta corrupción;; ay mucha muerte como en colombia ;; y en Guatemala;; todo porque no ay personas con un corazón;; dispuesto a cuidar del país y sacar adelante;;;,siii por tanta corrupción ay mucha muerte como en colombia y en guatemala todo porque no ay personas con un corazón dispuesto a cuidar del país y sacar adelante,siii corrupcion muerte colombia guatemala persona corazon disponer cuidar pais sacar adelante,12,0,0,0,0,0,0,topic,@GobiernodeGuatemala,hace 1 año
Ugw_g00Bv3m-cnSxhMp4AaABAg,OkXlHx0hx-8,UC1WlJfQmaIskYhP4gmWoamw,@marthareiss5434,marthareiss5434,UCRwA1NUcUnwsly35ikGhp0A,Noticias Telemundo,Que pena! Que la administración de Trump no ofrezca AMNISTÍA a los mexicanos u otros grupos de personas trabajadoras que ayudan a la mejora de este país. 😢,que pena que la administración de trump no ofrezca amnistía a los mexicanos u otros grupos de personas trabajadoras que ayudan a la mejora de este país,pena administracion trump ofrecer amnistia mexicano grupo persona trabajador ayudar mejora pais,12,2,1,0,0,0,1,topic,guatemala noticias,hace 1 día
Ugw_wfk-1nUcdyG3muZ4AaABAg,n8iP75gIpmw,UC3MYTqpQqlWBuCB7Th0e0PA,@isaaclopez7220,isaaclopez7220,UCE4rsXcgDb6e1-a9iTbWzfg,Quorum,"Me llega que saquen videos cortos porque el vídeo del programa de Con criterio es muy largo, pero vaya que es bueno",me llega que saquen videos cortos porque el vídeo del programa de con criterio es muy largo pero vaya que es bueno,llegar sacar corto programa criterio largo bueno,7,4,0,0,0,0,0,channel,@quorumgt/videos,hace 2 años
UgwaGYcI3FekgL1PZct4AaABAg,j43HgwYFKfk,UCOcUI5XkTYNMSFhZNMIPpGg,@hendersonlopez3864,hendersonlopez3864,UCE4rsXcgDb6e1-a9iTbWzfg,Quorum,"Urge convocar elecciones, los estudiantes estamos sufriendo con cada vez mas deficientes instalaciones, laboratorios y aulas. Ademas del abandono de Rectoria a las Facultades que siguen luchando contra su oposicion, o que se muestran renuentes a seguir sus ordenes, afectan directamente a los estudiantes, catedraticos, personal de servicios y limita su capacidad de brindar una educacion de calidad, y atender a la poblacion guatemalteca a travez de EPS y otros que ofrecen estas unidades academicas.",urge convocar elecciones los estudiantes estamos sufriendo con cada vez mas deficientes instalaciones laboratorios y aulas ademas del abandono de rectoria a las facultades que siguen luchando contra su oposicion o que se muestran renuentes a seguir sus ordenes afectan directamente a los estudiantes catedraticos personal de servicios y limita su capacidad de brindar una educacion de calidad y atender a la poblacion guatemalteca a travez de eps y otros que ofrecen estas unidades academicas,urgir convocar eleccion estudiante sufrir deficiente instalacion laboratorio aula ademas abandono rectoria facultad seguir luchar oposicion mostrar renuente seguir ordenar afectar directamente estudiante catedratico personal servicio limitar capacidad brindar educacion calidad atender poblacion guatemalteco travez eps ofrecer unidad academica,39,3,0,0,0,0,0,channel,@quorumgt/videos,hace 1 año (editado)
UgwaokeDKlLgSdqHpW94AaABAg,n8iP75gIpmw,UCOS8ViEkccrTZx2w2ccxotA,@OscarHernandez-q8y,oscarhernandez-q8y,UCE4rsXcgDb6e1-a9iTbWzfg,Quorum,"Pero porque un desayuno de 250.00,  no habrá uno de 75.00?",pero porque un desayuno de no habrá uno de,desayuno,1,4,0,0,0,0,0,channel,@quorumgt/videos,hace 2 años
Ugwbnz3tRoBa7Vs3A3d4AaABAg,b_Hkrkl3adA,UC3iIU62XKUOWuqL8BqBzj9A,@antonioduarte2288,antonioduarte2288,UCEepOY2svuxbsJ-zsAPT9Fg,PrensaLibreOficial,Puro show esto solo para que los diputranzas les den su parte y autorizar subsidios al gas,puro show esto solo para que los diputranzas les den su parte y autorizar subsidios al gas,puro show diputranzar parte autorizar subsidio gas,7,0,0,0,0,0,0,topic,guatemala noticias,hace 49 minutos
Ugwc0TMrFYylioxh_Sh4AaABAg,6W4u8sGEnGM,UCV3fr-YOixFKCZBbJP1-X4w,@albertoshernandez5251,albertoshernandez5251,UC-ZtFBHzgkYFh7whZkuR_Ag,Gobierno de la República de Guatemala,Que viva viva el Presidente Bernardo Arevalo 🎉🎉👏🎉🎉,que viva viva el presidente bernardo arevalo,vivar vivar presidente bernardo arevalo,5,3,0,0,0,0,1,topic,Gobierno de la República de Guatemala,hace 6 días
UgwcF8V3__81jxC8Eh14AaABAg,n8iP75gIpmw,UCmjppp6ujz3SAnULvP3sZMw,@marcomendez7509,marcomendez7509,UCE4rsXcgDb6e1-a9iTbWzfg,Quorum,pues quien le pidió que la guesiara para Diputado si será descarado seve que son unos Corruptos mientras el pueblo no tiene ni un Cinco u con eso le pagan a los Electores si serán Comen Cuando hay,pues quien le pidió que la guesiara para diputado si será descarado seve que son unos corruptos mientras el pueblo no tiene ni un cinco u con eso le pagan a los electores si serán comen cuando hay,pues pedir guesiara diputado descarar seve corrupto mientras pueblo cinco pagar elector comer,13,0,0,0,0,0,0,channel,@quorumgt/videos,hace 2 años
UgwdC_aDdYB1wpgGNAt4AaABAg,lj983NWyAQY,UC5PyGvSfFM--OVKmQ3COu6g,@FreddyGmez,freddygmez,UCXa6LVjBzUtmcM3cwbd9e2w,Municipalidad de Guatemala,Que belleza si se llegara a construir todos esos proyectos 💙👌,que belleza si se llegara a construir todos esos proyectos,belleza llegar construir proyecto,4,3,0,0,0,0,1,topic,Municipalidad de Guatemala,hace 7 años
Ugwe0V0ssRP-r167Lzh4AaABAg,n8iP75gIpmw,UCQqetiwzzmRNTM5OWuXarGQ,@isaiaslopezvelasquez1539,isaiaslopezvelasquez1539,UCE4rsXcgDb6e1-a9iTbWzfg,Quorum,si no les gusta  renuncie,si no les gusta renuncie,gustar renunciar,2,1,0,0,0,0,0,channel,@quorumgt/videos,hace 2 años
UgwgSP2G2qKwGGl5CSp4AaABAg,6W4u8sGEnGM,UCV3fr-YOixFKCZBbJP1-X4w,@albertoshernandez5251,albertoshernandez5251,UC-ZtFBHzgkYFh7whZkuR_Ag,Gobierno de la República de Guatemala,EL PRESIDENTE BERNARDO AREVALO SI ES UN PRESIDENTE QUE QUIERE A SU PUEBLO Y AL PAIS DE GUATEMALA 👍 EL NO ES COMO LOS RATAS  PRESIDENTES ANTERIORES 🐭🐭ASI QUE TODO EL APOYO PARA EL PRESIDENTE BERNARDO AREVALO 👍 🎉👍🎉👍🎉👍🎉👍🎉👍,el presidente bernardo arevalo si es un presidente que quiere a su pueblo y al pais de guatemala el no es como los ratas presidentes anteriores asi que todo el apoyo para el presidente bernardo arevalo,presidente bernardo arevalo presidente pueblo pais guatemala rata presidente anterior apoyo presidente bernardo arevalo,14,3,0,0,0,0,4,topic,Gobierno de la República de Guatemala,hace 6 días
UgwgoKatyznihVvDVVd4AaABAg,n8iP75gIpmw,UCCaYwkkbQGcvFoUmothVdQQ,@OsvaldoAguirre-l3i,osvaldoaguirre-l3i,UCE4rsXcgDb6e1-a9iTbWzfg,Quorum,Cuando los agarran con la manos en la masa ya ni Allan que decir estos buenos para nada! Solo para comer de gratis son buenos a que hijos de la gran patria! De Guatemala. Mantenidos estos corruptos solo para wuabiar son bueno.,cuando los agarran con la manos en la masa ya ni allan que decir estos buenos para nada solo para comer de gratis son buenos a que hijos de la gran patria de guatemala mantenidos estos corruptos solo para wuabiar son bueno,agarrar mano masa allan comer gratis hijo gran patria guatemala mantener corrupto wuabiar bueno,14,0,0,0,0,0,0,channel,@quorumgt/videos,hace 2 años
UgwguqWom06c5opgpiF4AaABAg,n8iP75gIpmw,UCQgYjVngJRfPHDLGB5X6ZjA,@oscarnavas9996,oscarnavas9996,UCE4rsXcgDb6e1-a9iTbWzfg,Quorum,Sin vergüenza. Que no se vuelva a lanzar para diputado ladrón,sin vergüenza que no se vuelva a lanzar para diputado ladrón,verguenza volver lanzar diputado ladron,5,0,0,0,0,0,0,channel,@quorumgt/videos,hace 2 años
UgwhphOY9n46ofElDut4AaABAg,PjmxCj-a9Hg,UCN2N_wYOw6fMwCeSzdXLPIw,@danielantoniogonzalezflore4901,danielantoniogonzalezflore4901,UC-ZtFBHzgkYFh7whZkuR_Ag,Gobierno de la República de Guatemala,Mejor saque a guatemala del parlacen y dejen de hablar de tsnta babosadas o ustedes van s ir avrefujiase al parlacen cuando salgan ese dinero que pagamos invertirlo en meducina sehan realustas por sus acciones nadie cree ya en nadie de ver que los gobiernos solo sirven para enriqueserse ya vasta,mejor saque a guatemala del parlacen y dejen de hablar de tsnta babosadas o ustedes van s ir avrefujiase al parlacen cuando salgan ese dinero que pagamos invertirlo en meducina sehan realustas por sus acciones nadie cree ya en nadie de ver que los gobiernos solo sirven para enriqueserse ya vasta,mejor saque guatemala parlacen dejar hablar tsnta babosada avrefujiar parlacen salgar dinero pagar invertir meducina sehan realustas accion nadie creer nadie ver gobierno servir enriqueserse vasto,26,0,0,0,0,0,0,topic,@GobiernodeGuatemala,hace 1 año
UgwiGxmosawIyTVTjnB4AaABAg,n8iP75gIpmw,UC9vMq1YF-e7C-VO0SHkbUTA,@ErvinLeonardoCarreraLatín,ervinleonardocarreralat%c3%adn,UCE4rsXcgDb6e1-a9iTbWzfg,Quorum,19:27 Basuras de diputados  artense  porque los que sufrieron  hambre serán saciados y los que se saciaron a costillas de los demás tendrán hambre y sed  de todo,basuras de diputados artense porque los que sufrieron hambre serán saciados y los que se saciaron a costillas de los demás tendrán hambre y sed de todo,basura diputado artense sufrir hambre saciar saciar costilla demas hambre sed,11,0,0,0,0,0,0,channel,@quorumgt/videos,hace 2 años (editado)
Ugwih8O9PeaJ_zd7FWV4AaABAg,n8iP75gIpmw,UC8F2V63KZ4ZEay6opX2hAQw,@carmenr6311,carmenr6311,UCE4rsXcgDb6e1-a9iTbWzfg,Quorum,"Los alimentos tienen k pagarlos d su sueldo como cualquier otro ciudadano k a pesar de el salario miserable pagan sus alimentos, segun entiendo ese señor  kiere k el pueblo le siga pagando ,si el trabaja haciéndose el pendejo como muchos otros k solo llegan a ocupar la silla y a bla bla hasta el momento no se ve k se trabaje en algo bueno para el pueblo a ese fulano k no esta contento con el alto sueldo k tienen por hacer nada ,k renuncie y k empleen a personas k realmente kieren hacer algo por el hambriento pueblo, braaavo seño por recordarle a ese inepto.,ellos ganan Q25,000 0 mas cuanto gana un médico, una enfermera,una profesora y esos siii trabajan especialmente los médicos.",los alimentos tienen k pagarlos d su sueldo como cualquier otro ciudadano k a pesar de el salario miserable pagan sus alimentos segun entiendo ese señor kiere k el pueblo le siga pagando si el trabaja haciéndose el pendejo como muchos otros k solo llegan a ocupar la silla y a bla bla hasta el momento no se ve k se trabaje en algo bueno para el pueblo a ese fulano k no esta contento con el alto sueldo k tienen por hacer nada k renuncie y k empleen a personas k realmente kieren hacer algo por el hambriento pueblo braaavo seño por recordarle a ese inepto ellos ganan q mas cuanto gana un médico una enfermera una profesora y esos siii trabajan especialmente los médicos,alimento pagar sueldo cualquiera ciudadano pesar salario miserable pagar alimento segun entender kiere pueblo seguir pagar trabajar pendejo llegar ocupar silla bla bla momento trabajar bueno pueblo fulano contento alto sueldo renunciar emplear persona realmente kieren hambriento pueblo braaavo señar recordar inepto ganar cuanto gana medico enfermero profesor siii trabajar especialmente medico,52,0,0,0,0,0,0,channel,@quorumgt/videos,hace 2 años
Ugwije36G_n35mshRfp4AaABAg,6W4u8sGEnGM,UCheEJ5GZuIvV0fj-nXyVwXw,@rosaoliva9389,rosaoliva9389,UC-ZtFBHzgkYFh7whZkuR_Ag,Gobierno de la República de Guatemala,Gracias por concluir lo q otros empiezan y no terminan,gracias por concluir lo q otros empiezan y no terminan,concluir empezar terminar,3,0,0,0,0,0,0,topic,Gobierno de la República de Guatemala,hace 2 días
UgwjKxflp7TiD0e7_494AaABAg,n8iP75gIpmw,UCujPF2nBgsTD62nWE3lcpIg,@victorarturoruanobautista7588,victorarturoruanobautista7588,UCE4rsXcgDb6e1-a9iTbWzfg,Quorum,Que se les quite todos los privilegios lo que pasa no les gusta,que se les quite todos los privilegios lo que pasa no les gusta,quite privilegio pasar gustar,4,0,0,0,0,0,0,channel,@quorumgt/videos,hace 1 año
Ugwjtq_DUb6ISU-ppsh4AaABAg,n8iP75gIpmw,UChs3tU2BcKOT0CezykvAsGw,@byronpontaza,byronpontaza,UCE4rsXcgDb6e1-a9iTbWzfg,Quorum,"Estoy seguro que si a los conductores los envían a hacer un trabajo a un departamento y les dan viáticos, buscan Buenos restaurantes para ir a comer y no se van al mercado",estoy seguro que si a los conductores los envían a hacer un trabajo a un departamento y les dan viáticos buscan buenos restaurantes para ir a comer y no se van al mercado,seguro conductor enviar trabajo departamento viatico buscar restaurante comer mercado,10,1,0,0,0,0,0,channel,@quorumgt/videos,hace 2 años
UgwkiP4fW1xfpXbZcV14AaABAg,n8iP75gIpmw,UCV0iizTBoOfdAFX_thfI9BA,@BenjaminLarios-jd8nk,benjaminlarios-jd8nk,UCE4rsXcgDb6e1-a9iTbWzfg,Quorum,Lo que este diputado ase por el paiz es robarle  al paiz   porque otro beneficio que tiene el paiz  con ellos nada,lo que este diputado ase por el paiz es robarle al paiz porque otro beneficio que tiene el paiz con ellos nada,diputado asar paiz robar paiz beneficio paiz,7,0,0,0,0,0,0,channel,@quorumgt/videos,hace 2 años
Ugwm9VajlW3ydbsf-BJ4AaABAg,6W4u8sGEnGM,UCp29O_C7cchZV8IxV7Crdag,@robertoescobar5507,robertoescobar5507,UC-ZtFBHzgkYFh7whZkuR_Ag,Gobierno de la República de Guatemala,Excelente.,excelente,excelente,1,0,0,0,0,0,0,topic,Gobierno de la República de Guatemala,hace 3 días
UgwmvtMMEFg5rWbrmtV4AaABAg,yLZS3JiEBg8,UCkxdJ_yGN2gghOMo2ybQtXQ,@11223344An,11223344an,UCE4rsXcgDb6e1-a9iTbWzfg,Quorum,Y no olvidemos y quizá el más cruel. Las farmacéuticas con las medicinas,y no olvidemos y quizá el más cruel las farmacéuticas con las medicinas,olvidar quiza cruel farmaceutico medicina,5,1,0,0,0,0,0,channel,@quorumgt/videos,hace 2 años
UgwnCwptihjhFCfQK_l4AaABAg,6W4u8sGEnGM,UCjZgFEowMBrsjodqfovzdKw,@franciscoflores3120,franciscoflores3120,UC-ZtFBHzgkYFh7whZkuR_Ag,Gobierno de la República de Guatemala,Pero  sería bueno que  le cambien  nombre,pero sería bueno que le cambien nombre,bueno cambiar nombre,3,0,0,0,0,0,0,topic,Gobierno de la República de Guatemala,hace 4 días
UgwopmNYOXxE5kyT7fF4AaABAg,n8iP75gIpmw,UC4wq3DcbfaG6dtCqn8Oyu3w,@hugoasencio7764,hugoasencio7764,UCE4rsXcgDb6e1-a9iTbWzfg,Quorum,Ya viste Nery más de lo mismo.,ya viste nery más de lo mismo,vestir nery mismo,3,1,0,0,0,0,0,channel,@quorumgt/videos,hace 2 años
UgwovhZaCiV0r6XOH_R4AaABAg,ndAZjHqzzT8,UCVC2QugcI1G4RvlCiUqd1aQ,@rwdm76,rwdm76,UCE4rsXcgDb6e1-a9iTbWzfg,Quorum,excelente,excelente,excelente,1,0,0,0,0,0,0,channel,@quorumgt/videos,hace 1 año
UgwoyDvqZ6NlBCvXB7t4AaABAg,yLZS3JiEBg8,UCXVLc8CmAO813ubM-fLvCDw,@herminiasaquimux7565,herminiasaquimux7565,UCE4rsXcgDb6e1-a9iTbWzfg,Quorum,"Ahora comprendí porque los cañeros y grupo cacif, estan contra la ley de competencia y siguen tratando de impedir su discusión en el legislativo.",ahora comprendí porque los cañeros y grupo cacif estan contra la ley de competencia y siguen tratando de impedir su discusión en el legislativo,comprender cañero grupo cacif ley competencia seguir tratar impedir discusion legislativo,11,7,0,0,0,0,0,channel,@quorumgt/videos,hace 2 años
Ugwp1SacIqA0qS_netd4AaABAg,n8iP75gIpmw,UCwW2OFy95P7ZBkOPxWkpvYg,@TeresaLucero-b5o,teresalucero-b5o,UCE4rsXcgDb6e1-a9iTbWzfg,Quorum,No se justifica nada... es su obligación trabajar...,no se justifica nada es su obligación trabajar,justificar obligacion trabajar,3,1,0,0,0,0,0,channel,@quorumgt/videos,hace 2 años
UgwpY9PE_PBfwa2_g_N4AaABAg,n8iP75gIpmw,UC3XTwHxygNCgjndsg-UiCQA,@marioajset4283,marioajset4283,UCE4rsXcgDb6e1-a9iTbWzfg,Quorum,"Repito como siempre, cuantas horas hombre de trabajo se pagan por el cansancio y fatiga del pueblo que hacen productivo al país y que generan renta gravada para los contribuyentes, solo para que estos infelices se den estos gustos.",repito como siempre cuantas horas hombre de trabajo se pagan por el cansancio y fatiga del pueblo que hacen productivo al país y que generan renta gravada para los contribuyentes solo para que estos infelices se den estos gustos,repetir siempre cuanto hora hombre trabajo pagar cansancio fatiga pueblo productivo pais generar renta gravar contribuyente infeliz gusto,18,1,0,0,0,0,0,channel,@quorumgt/videos,hace 2 años
Ugwqsca_nj4eGguiyTJ4AaABAg,j43HgwYFKfk,UCgQw_Sbq3ugruDUKsq1e0-A,@marlenareano-h4t,marlenareano-h4t,UCE4rsXcgDb6e1-a9iTbWzfg,Quorum,"buen reportaje, tristeza da q la USAC este coptada por esos corruptos.",buen reportaje tristeza da q la usac este coptada por esos corruptos,buen reportaje tristeza usac coptada corrupto,6,0,0,0,0,0,0,topic,@quorumgt,hace 6 meses
UgwrIvqGid-S983oU9J4AaABAg,n8iP75gIpmw,UCL13XhnRzbGokEkCkEOb0-g,@raquelprado3643,raquelprado3643,UCE4rsXcgDb6e1-a9iTbWzfg,Quorum,Por querer justificarse le sacaron a luz sus artadas a costillas del pobre pueblo de Guatemala,por querer justificarse le sacaron a luz sus artadas a costillas del pobre pueblo de guatemala,justificar sacar luz artadas costilla pobre pueblo guatemala,8,1,0,0,0,0,0,channel,@quorumgt/videos,hace 2 años
UgwsCWap2Jq1pNrLOWl4AaABAg,n8iP75gIpmw,UCQtSFINs1h6GHkpg9o5kMvg,@MacarioMartinezruiz,macariomartinezruiz,UCE4rsXcgDb6e1-a9iTbWzfg,Quorum,Lo felicito  periodista de alto valor por decirle la verdad al diputado Rodas,lo felicito periodista de alto valor por decirle la verdad al diputado rodas,felicitar periodista alto valor verdad diputado roda,7,12,0,0,0,0,0,channel,@quorumgt/videos,hace 2 años
UgwtcR5U0FAkeZsiVVt4AaABAg,06mFNPU0aB8,UC2ngpd8UBQu4gcUYy0goAtg,@juliohernandez7438,juliohernandez7438,UCVpSRoZgngfSL03Nlbjtq9A,Noti7,Metanlos a la carcel y como se bisten de mujer que les echen chuso por maricones,metanlos a la carcel y como se bisten de mujer que les echen chuso por maricones,meter carcel bisten mujer echar chuso maricon,7,0,0,0,0,0,0,topic,guatemala noticias,hace 2 semanas
Ugwvm2HYh08HI1HkcXV4AaABAg,PjmxCj-a9Hg,UC7IMsCxfZyWN7YQo8-JYa6Q,@Burgos68,burgos68,UC-ZtFBHzgkYFh7whZkuR_Ag,Gobierno de la República de Guatemala,"Muchísimas gracias Sr. y excelentísimo Presidente Constitucional de la República de Guatemala,  por trabajar enormemente por todos los ciudadanos y también por unir sus esfuerzos con el Gobierno de los Estados Unidos Mexicanos,  porque el Turismo va hacer el mejor puente para incrementar la economía de todas aquellas personas al rededor del mundo, que quieran conocer más de esta cultura Maya compartida y la cual nos hace sentirnos hermanos con ese gran país. MÉXICO Y GUATEMALA UNIDOS POR SIEMPRE 💕",muchísimas gracias sr y excelentísimo presidente constitucional de la república de guatemala por trabajar enormemente por todos los ciudadanos y también por unir sus esfuerzos con el gobierno de los estados unidos mexicanos porque el turismo va hacer el mejor puente para incrementar la economía de todas aquellas personas al rededor del mundo que quieran conocer más de esta cultura maya compartida y la cual nos hace sentirnos hermanos con ese gran país méxico y guatemala unidos por siempre,excelentisimo presidente constitucional republica guatemala trabajar enormemente ciudadano unir esfuerzo gobierno unir mexicano turismo mejor puente incrementar economia aquel persona rededor mundo conocer cultura maya compartir sentir hermano gran pais mexico guatemala unir siempre,34,1,0,0,0,0,1,topic,@GobiernodeGuatemala,hace 1 año (editado)
UgwvvK1L0aLOhCMUzfN4AaABAg,n8iP75gIpmw,UCzSfZlOVxBSs5ObD25ywxDQ,@GilmarMaldonado-q9m,gilmarmaldonado-q9m,UCE4rsXcgDb6e1-a9iTbWzfg,Quorum,Y haci vienen corriéndo para que él pueblo voté por ustedes no piensan en él pueblo que está sufriendo por un sueldo minusioso partida de ladrones corruptos hijos de la fiscal nietos de giamatey hijastros de Miguel Martínez sinó gana en el congreso renuncien también aprueben la ley para sacar ala fiscal aganlo,y haci vienen corriéndo para que él pueblo voté por ustedes no piensan en él pueblo que está sufriendo por un sueldo minusioso partida de ladrones corruptos hijos de la fiscal nietos de giamatey hijastros de miguel martínez sinó gana en el congreso renuncien también aprueben la ley para sacar ala fiscal aganlo,haci venir corriendo pueblo votar pensar pueblo sufrir sueldo minusioso partida ladron corrupto hijo fiscal nieto giamatey hijastro miguel martinez sino gana congreso renunciar aprobar ley sacar ala fiscal aganlo,30,0,0,0,0,0,0,channel,@quorumgt/videos,hace 2 años
UgwwH4OIcVCCN6SbBX14AaABAg,n8iP75gIpmw,UCLFdHr9BEbXHkoJopbEPLZw,@kanterra4584,kanterra4584,UCE4rsXcgDb6e1-a9iTbWzfg,Quorum,"Deberían ir a comer al mercado central les queda cerca, llegan a pie y contribuyen con la pequeña empresa.
Ir a donde van y pagar con dinero de los tributos es lujurioso e insulta al pueblo soberano.",deberían ir a comer al mercado central les queda cerca llegan a pie y contribuyen con la pequeña empresa ir a donde van y pagar con dinero de los tributos es lujurioso e insulta al pueblo soberano,comer mercado central queda cerca llegar pie contribuir pequeño empresa pagar dinero tributo lujurioso insultar pueblo soberano,17,13,0,0,0,0,0,channel,@quorumgt/videos,hace 2 años
UgwwKfLmhHVU-Oxzqtl4AaABAg,n8iP75gIpmw,UCNkcuy42zEwddwEcOd_HpnA,@vanigomez492,vanigomez492,UCE4rsXcgDb6e1-a9iTbWzfg,Quorum,"No justifico lo del diputado, pero quisiera ver una entrevista similar en la administración anterior, ahí no! Porq tambien a los d con criterio les salpicaba la corrupción",no justifico lo del diputado pero quisiera ver una entrevista similar en la administración anterior ahí no porq tambien a los d con criterio les salpicaba la corrupción,justificar diputado ver entrevista similar administracion anterior criterio salpicar corrupcion,10,3,0,0,0,0,0,channel,@quorumgt/videos,hace 2 años
UgwwPrhCy2levkb6TRd4AaABAg,ndAZjHqzzT8,UCJp3OrVYcBorC94sKwdch_A,@ULJoshmg2011,uljoshmg2011,UCE4rsXcgDb6e1-a9iTbWzfg,Quorum,"Otro detalle muy interesante es para la mayoría que usamos líneas prepago; hay muchos abusos por parte de las empresas, una de ellas por ejemplo te roba el saldo cuando haces una recarga sin haberte asignado ningún paquete; aluden a que sino te asignas un paquete el consumo del saldo corre si usas internet; una recarga de Q100 se consume en 5 min.  Esto no está regulado  la verdad en Guate; la otra compañía es más legal en esto; almenos no te permite navegar sino has asignado paquete. El monopolio nunca será nada bueno, en mi caso opté por quitar cable y servicios asociados tuve demasiados abusos, cobros anticipados,  costos  muy altos y final quedas indefenso. Solo opté por un prepago para Internet lo mínimo necesario, para poder ver YouTube. No consumimos nada más, dejamos de ver TV desde la pandemia, es mejor leer y escuchar la radio, no hay que darles gusto a estas empresas que abusan y roban.  Los que puedan tener internet satelital los felicito es mejor que la corrupcion de las dos empresas  actuales.",otro detalle muy interesante es para la mayoría que usamos líneas prepago hay muchos abusos por parte de las empresas una de ellas por ejemplo te roba el saldo cuando haces una recarga sin haberte asignado ningún paquete aluden a que sino te asignas un paquete el consumo del saldo corre si usas internet una recarga de q se consume en min esto no está regulado la verdad en guate la otra compañía es más legal en esto almenos no te permite navegar sino has asignado paquete el monopolio nunca será nada bueno en mi caso opté por quitar cable y servicios asociados tuve demasiados abusos cobros anticipados costos muy altos y final quedas indefenso solo opté por un prepago para internet lo mínimo necesario para poder ver youtube no consumimos nada más dejamos de ver tv desde la pandemia es mejor leer y escuchar la radio no hay que darles gusto a estas empresas que abusan y roban los que puedan tener internet satelital los felicito es mejor que la corrupcion de las dos empresas actuales,detalle interesante mayoria usar linea prepago abuso parte empresa ejemplo robar saldo recarga asignado ninguno paquete aludir sino asignar paquete consumo saldo correr usar internet recarga consumar minuto regular verdad guate compañia legal almeno permitir navegar sino asignado paquete monopolio nunca bueno caso optar quitar cable servicio asociado demasiado abuso cobro anticipar costo alto final queda indefenso optar prepago internet minimo necesario ver consumir dejar ver pandemia mejor leer escuchar radio darles gusto empresa abusar robar internet satelital felicitar mejor corrupcion dos empresa actual,84,0,0,0,0,0,0,channel,@quorumgt/videos,hace 1 año
UgwxjmtBoAozs0ZUAcd4AaABAg,is3Mk5oC19g,UCdFlugHJJa4l3YqWuNRmvXw,@MarcosCarillo-b1r,marcoscarillo-b1r,UCt5Dw7ePnn0AqPqRF8Xpjkw,TN23 Guatemala,Al que tienen que enjuiciar es al comparator por comparator obgwtos robados,al que tienen que enjuiciar es al comparator por comparator obgwtos robados,enjuiciar comparator comparator obgwtos robar,5,0,1,0,0,0,0,topic,guatemala noticias,hace 1 día
UgwxjmtBoAozs0ZUAcd4AaABAg.AaAbqoGVGipAaAjNG9oPRN,is3Mk5oC19g,UCLh1Kde4_vI1sTZBkTNP7RQ,@JoelReynoso-d4r,joelreynoso-d4r,UCt5Dw7ePnn0AqPqRF8Xpjkw,TN23 Guatemala,que?,que,,0,0,0,0,0,0,0,topic,guatemala noticias,hace 1 día
UgwypjUeZBU45DrrW0d4AaABAg,n8iP75gIpmw,UCThW2XNsAaBKme5PUt7n-Zg,@thelmamoran8565,thelmamoran8565,UCE4rsXcgDb6e1-a9iTbWzfg,Quorum,Yo no entiendo por qué están ahorita con todas estas cosas por qué no lo hacían cuando estaban los corruptos Alvaro Arzú Alan Rodríguez. La señora está evangélica que acaba de salir no entiendo por qué no les decían eso a ellos porque tiene que ser hasta ahora es tonto,yo no entiendo por qué están ahorita con todas estas cosas por qué no lo hacían cuando estaban los corruptos alvaro arzú alan rodríguez la señora está evangélica que acaba de salir no entiendo por qué no les decían eso a ellos porque tiene que ser hasta ahora es tonto,entender ahorita corrupto alvaro arzu alan rodriguez evangelico acabar salir entender tonto,12,0,0,0,0,0,0,channel,@quorumgt/videos,hace 2 años
Ugwz_6qtdDTbTWEUQQ94AaABAg,n8iP75gIpmw,UC6YSZqL0vEcI-niPKIMUGfw,@maxwellsales885,maxwellsales885,UCE4rsXcgDb6e1-a9iTbWzfg,Quorum,"Ni el mismo lo cree, estos son sinverguenzas y se pasan de pija, cómo se sentirá la familia tener a alguien mañoso, mafioso, sin vergüenza como marido y como padre, es triste",ni el mismo lo cree estos son sinverguenzas y se pasan de pija cómo se sentirá la familia tener a alguien mañoso mafioso sin vergüenza como marido y como padre es triste,mismo creer sinverguenzas pasar pijo sentir familia mañoso mafioso verguenza marido padre triste,13,2,0,0,0,0,0,channel,@quorumgt/videos,hace 2 años
Ugx-G2kCu5aSwh3IR5l4AaABAg,n8iP75gIpmw,UCNBnKqWf4d-rS4HwJRQljmQ,@LE_A22,le_a22,UCE4rsXcgDb6e1-a9iTbWzfg,Quorum,"Y CUANDO VAN HABLAR DE LOS GASTOS DEL PRESIDENTE? La carne la bomba de la piscina los salarios exagerados,los aumentos incluso el nepotismo? ó a él no? De él no se puede hablar? Los regañan?",y cuando van hablar de los gastos del presidente la carne la bomba de la piscina los salarios exagerados los aumentos incluso el nepotismo ó a él no de él no se puede hablar los regañan,hablar gasto presidente carne bomba piscina salario exagerar aumento incluso nepotismo hablar regañar,13,1,0,0,0,0,0,channel,@quorumgt/videos,hace 2 años
Ugx-cQ3Wf3whk_hssDR4AaABAg,06mFNPU0aB8,UCO0zwwLWGyDgQmWPJ5Qrr1w,@elsalvador3605,elsalvador3605,UCVpSRoZgngfSL03Nlbjtq9A,Noti7,Por qué siempre tapan la cara de los delincuentes,por qué siempre tapan la cara de los delincuentes,siempre tapar cara delincuente,4,3,0,0,0,0,0,topic,guatemala noticias,hace 2 semanas
Ugx-hH6Ysw9sdv3kHPN4AaABAg,j43HgwYFKfk,UCwjUvRseNtJoItylIyIez7Q,@Silviazea,silviazea,UCE4rsXcgDb6e1-a9iTbWzfg,Quorum,¡Fuera esa basura de mazariegos!,fuera esa basura de mazariegos,basura mazariego,2,0,0,0,0,0,0,channel,@quorumgt/videos,hace 1 año
Ugx1reCoIQcnK3ii2GR4AaABAg,n8iP75gIpmw,UCTwSut16JyAg3mX6LVUNGqA,@SuperVictor2005,supervictor2005,UCE4rsXcgDb6e1-a9iTbWzfg,Quorum,"Que gasten todo lo que les pegue la regalada gana, siempre y cuando que lo paguen con su mismo sueldo o dinero como cualquier empleado público, lo que no es admisible es  que estas ratas solo se recetan estos mega gastos por un almuerzo, porque ellos mismos se los permiten.
Ya basta!!! Asi como estos diputados, PNC de la capital, entre otros empleados públicos selectos tengan privilegios de esta naturaleza, mientras que otros tienen que costear transporte, alimentación, internet, entre otras cosas con su propio sueldo o dinero.",que gasten todo lo que les pegue la regalada gana siempre y cuando que lo paguen con su mismo sueldo o dinero como cualquier empleado público lo que no es admisible es que estas ratas solo se recetan estos mega gastos por un almuerzo porque ellos mismos se los permiten ya basta asi como estos diputados pnc de la capital entre otros empleados públicos selectos tengan privilegios de esta naturaleza mientras que otros tienen que costear transporte alimentación internet entre otras cosas con su propio sueldo o dinero,gastar pegar regalar gana siempre pagar mismo sueldo dinero cualquiera empleado publico admisible rata recetar mega gasto almuerzo mismo permitir bastar diputado pnc capital empleado publico selecto privilegio naturaleza mientras costear transporte alimentacion internet propio sueldo dinero,37,0,0,0,0,0,0,channel,@quorumgt/videos,hace 2 años
Ugx2ApaAMqe4ca4SCYx4AaABAg,n8iP75gIpmw,UCLggDc_a5HriXv7I1h02sOA,@guillermogonzalez5153,guillermogonzalez5153,UCE4rsXcgDb6e1-a9iTbWzfg,Quorum,"Hablemos de cosas relevantes,,,,y No de lo irrelevantes......jajajajaja",hablemos de cosas relevantes y no de lo irrelevantes jajajajaja,hablar relevante irrelevante jajajajaja,4,3,0,0,0,0,0,channel,@quorumgt/videos,hace 2 años
Ugx2LwWBVc3mFGJAinB4AaABAg,n8iP75gIpmw,UC5H8ASmMC9WrURmzeB4ySog,@ManuelEdran,manueledran,UCE4rsXcgDb6e1-a9iTbWzfg,Quorum,Ya es calor...jejej,ya es calor jejej,calor jejej,2,2,0,0,0,0,0,channel,@quorumgt/videos,hace 2 años
Ugx2byJzZBZkDMQMUqV4AaABAg,n8iP75gIpmw,UCwO2SXr0ggzwg6QWWrr01nQ,@ricardofigueroa5720,ricardofigueroa5720,UCE4rsXcgDb6e1-a9iTbWzfg,Quorum,No se le cree nada a ese diputransa,no se le cree nada a ese diputransa,creer diputransa,2,11,0,0,0,0,0,channel,@quorumgt/videos,hace 2 años
Ugx3uDgmZQhx3Z3VOzt4AaABAg,j43HgwYFKfk,UC816IGbFCZinfYS1LRDaaHg,@ingenieroar,ingenieroar,UCE4rsXcgDb6e1-a9iTbWzfg,Quorum,mapa de poder USAC,mapa de poder usac,mapa usac,2,1,0,0,0,0,0,channel,@quorumgt/videos,hace 1 año
Ugx3yIUZXGeiOVESIEl4AaABAg,n8iP75gIpmw,UC3qn1yJA5PeW9rkGPatQxiw,@VICTOREST19,victorest19,UCE4rsXcgDb6e1-a9iTbWzfg,Quorum,Que ese diputado que muestre la factura donde diga que de su bolsillo fue pagado??,que ese diputado que muestre la factura donde diga que de su bolsillo fue pagado,diputado mostrar factura bolsillo pagar,5,7,0,0,0,0,0,channel,@quorumgt/videos,hace 2 años
Ugx4dn4xlUl9Jp9QJeJ4AaABAg,6W4u8sGEnGM,UCaT4saRcyqCLE657Rq2hhZQ,@elmilenial4064,elmilenial4064,UC-ZtFBHzgkYFh7whZkuR_Ag,Gobierno de la República de Guatemala,Tio berny presidente 2032😁,tio berny presidente,tio berny presidente,3,0,0,0,0,0,1,topic,Gobierno de la República de Guatemala,hace 5 días (editado)
Ugx6Wjc02tqpQUBf4NJ4AaABAg,yLZS3JiEBg8,UCc_F88PzGWtA1OPNUEASulA,@rockyscarlet,rockyscarlet,UCE4rsXcgDb6e1-a9iTbWzfg,Quorum,Los hipócritas de la ufm todavía alaban a Milei. Lo primero que haría sería quitar todas las trabas que impiden el libre mercado.,los hipócritas de la ufm todavía alaban a milei lo primero que haría sería quitar todas las trabas que impiden el libre mercado,hipocrita ufm todavia alabar milei primero quitar trabar impedir libre mercado,11,0,0,0,0,0,0,channel,@quorumgt/videos,hace 2 años
Ugx74OPnWkWaFjpFuA94AaABAg,n8iP75gIpmw,UCErZPJpHmLCsXs8ZWkAUupQ,@dorisl.garciaroche7763,dorisl.garciaroche7763,UCE4rsXcgDb6e1-a9iTbWzfg,Quorum,"Y será que si ya no se diera esa facilidad de efectivo para gastos de ese tipo, les interesaría seguir siendo diputados. O es por ese estilo de vida lo que les llama la atención ser diputados.",y será que si ya no se diera esa facilidad de efectivo para gastos de ese tipo les interesaría seguir siendo diputados o es por ese estilo de vida lo que les llama la atención ser diputados,facilidad efectivo gasto tipo interesar seguir diputado estilo vida llama atencion diputado,12,2,1,0,0,0,0,channel,@quorumgt/videos,hace 2 años
Ugx74OPnWkWaFjpFuA94AaABAg.A7ki-1ED5b2A7nIcG2_svP,n8iP75gIpmw,UCFjudnPLoaSL1BaRuLahyHg,@HaroldoCastillo-rh9iw,haroldocastillo-rh9iw,UCE4rsXcgDb6e1-a9iTbWzfg,Quorum,Cierto.,cierto,cierto,1,1,0,0,0,0,0,channel,@quorumgt/videos,hace 2 años
Ugx7Gvgflw7nQKqoR094AaABAg,lj983NWyAQY,UCFOxCyF926Y9eHhMeVoWLzw,@arielsarc09,arielsarc09,UCXa6LVjBzUtmcM3cwbd9e2w,Municipalidad de Guatemala,"De todo corazon espero que se cumplan todos estos proyectos por el bien de mi gente linda, Dios bendiga a Guatemala.",de todo corazon espero que se cumplan todos estos proyectos por el bien de mi gente linda dios bendiga a guatemala,corazon esperar cumplir proyecto lindar dios bendecir guatemala,8,3,0,0,0,0,0,topic,Municipalidad de Guatemala,hace 6 años (editado)
Ugx7ezRwB-DpY3VQt754AaABAg,n8iP75gIpmw,UC5H8ASmMC9WrURmzeB4ySog,@ManuelEdran,manueledran,UCE4rsXcgDb6e1-a9iTbWzfg,Quorum,Minusiosas pero a la larga se vuelve millonarios. . Paguen sus almuerzos no se aprovechen del pueblo... casaka.,minusiosas pero a la larga se vuelve millonarios paguen sus almuerzos no se aprovechen del pueblo casaka,minusiosar largo volver millonario pagar almuerzo aprovechar pueblo casaka,9,1,0,0,0,0,0,channel,@quorumgt/videos,hace 2 años
Ugx7j6oWhgfonHPJCdR4AaABAg,n8iP75gIpmw,UC72gBAtyb_VXQlYDcFrh6oQ,@osmanmorales3012,osmanmorales3012,UCE4rsXcgDb6e1-a9iTbWzfg,Quorum,Para que participo si el reclama y que a echo por el pais nada,para que participo si el reclama y que a echo por el pais nada,participar reclamar echar pais,4,3,0,0,0,0,0,channel,@quorumgt/videos,hace 2 años
Ugx8FxDKPAY-M_JhRgd4AaABAg,n8iP75gIpmw,UCi1b_TRQfgO1Z9O2gNGGWNA,@davidisraelesquitsaquil,davidisraelesquitsaquil,UCE4rsXcgDb6e1-a9iTbWzfg,Quorum,"Ahora se destapo la CORRUPCION Q EXISTIA Y AHORA SE CONTAMINO despues de ampliacion ahora DEUDAS a la Comunidad Internacional por PRESTAMOS para carreteras, ademas CONCESIONES A AEROPUERTOS, PUERTOS, LAS MISMAS CARRETERAS, todos millonario, EUROBONOS, vender al pais y CANASTA BASICA A Q10,000 todo lo van hacer PERO ESE DINERO QUE OBTENGAN SERA REGALO DEL 👹👹👹 Xq DIOS dara justicia en su momento la JUSTICIA DE DIOS con sus hijitos sera IMPLACABLE y omnipotente🇬🇹🇬🇹🇬🇹🇬🇹",ahora se destapo la corrupcion q existia y ahora se contamino despues de ampliacion ahora deudas a la comunidad internacional por prestamos para carreteras ademas concesiones a aeropuertos puertos las mismas carreteras todos millonario eurobonos vender al pais y canasta basica a q todo lo van hacer pero ese dinero que obtengan sera regalo del xq dios dara justicia en su momento la justicia de dios con sus hijitos sera implacable y omnipotente,destapar corrupcion existia contaminar despues ampliacion deuda comunidad internacional prestar carretera ademas concesion aeropuerto puerto mismo carretera millonario eurobono vender pais canasta basica dinero obtener regalo dios justicia momento justicia dios hijitos implacable omnipotente,34,0,0,0,0,0,2,channel,@quorumgt/videos,hace 2 años
Ugx8vuWdqsWZslsS9R14AaABAg,WIUZtitfLRw,UCvcu1kR8xMYy_I1Ty-2mV2Q,@hashojea7348,hashojea7348,UCE4rsXcgDb6e1-a9iTbWzfg,Quorum,Excelente nota,excelente nota,excelente nota,2,0,0,0,0,0,0,channel,@quorumgt/videos,hace 1 año
Ugx90cmhNaRBNDou1BR4AaABAg,OkXlHx0hx-8,UCBlm80VQ4YoV3bUJR_XhkaQ,@rosadiaz6945,rosadiaz6945,UCRwA1NUcUnwsly35ikGhp0A,Noticias Telemundo,Miserables el departamento de seguridad de USA,miserables el departamento de seguridad de usa,miserable departamento seguridad usar,4,0,3,0,0,0,0,topic,guatemala noticias,hace 1 día
Ugx90cmhNaRBNDou1BR4AaABAg.AaA5Ej9IqgQAaBaWPRQg7K,OkXlHx0hx-8,UCi2KiZq63sRq8Mfbcp-MelQ,@eugeneramirez4405,eugeneramirez4405,UCRwA1NUcUnwsly35ikGhp0A,Noticias Telemundo,"There tired of fraud and corruption and lethal drugs. 
We AMERICANS HAVE VOTED!
you don't like our LAWS lezve!",there tired of fraud and corruption and lethal drugs we americans have voted you don t like our laws lezve,there tired fraud and corruption and lethal drugs americans have voted you don like our laws lezve,17,0,0,0,0,0,0,topic,guatemala noticias,hace 20 horas
Ugx90cmhNaRBNDou1BR4AaABAg.AaA5Ej9IqgQAaCnVqXU5cy,OkXlHx0hx-8,UCBlm80VQ4YoV3bUJR_XhkaQ,@rosadiaz6945,rosadiaz6945,UCRwA1NUcUnwsly35ikGhp0A,Noticias Telemundo,"​ @eugeneramirez4405 
Go away, there's no way to prove you're American.",go away there s no way to prove you re american,away there way prove you american,6,0,0,0,0,1,0,topic,guatemala noticias,hace 9 horas
Ugx90cmhNaRBNDou1BR4AaABAg.AaA5Ej9IqgQAaCz3GqqPAJ,OkXlHx0hx-8,UCi2KiZq63sRq8Mfbcp-MelQ,@eugeneramirez4405,eugeneramirez4405,UCRwA1NUcUnwsly35ikGhp0A,Noticias Telemundo,"​ @rosadiaz6945 
Sure 👌 
Whatever you say!",sure whatever you say,sure whatever you say,4,0,0,0,0,1,1,topic,guatemala noticias,hace 7 horas
UgxCKgaQSm13r2z9hFd4AaABAg,j43HgwYFKfk,UColMq7LmaoY3MT6aIDGrGvA,@quijotachapina1,quijotachapina1,UCE4rsXcgDb6e1-a9iTbWzfg,Quorum,"Escuché que solo fingen que las reuniones son virtuales, pero las hacen en un hôtel y encima liquidan los gastos generados 😡",escuché que solo fingen que las reuniones son virtuales pero las hacen en un h tel y encima liquidan los gastos generados,escuchar fingir reunion virtual tel encima liquidar gasto generar,9,0,0,0,0,0,1,channel,@quorumgt/videos,hace 1 año
UgxCT5F3jO763e2aO-t4AaABAg,OkXlHx0hx-8,UCat2qkYvqmtDNEmo2PVuhXw,@DoraSalas-j5o,dorasalas-j5o,UCRwA1NUcUnwsly35ikGhp0A,Noticias Telemundo,Dicen quelos van a mandar a africa cuidao paisas,dicen quelos van a mandar a africa cuidao paisas,quelos mandar africa cuidao paisas,5,1,0,0,0,0,0,topic,guatemala noticias,hace 1 día
UgxCjFHfuFk1jUGvoIB4AaABAg,lj983NWyAQY,UCSTAUWVc1_82DHYeqOsqEFA,@TheAlexX_C,thealexx_c,UCXa6LVjBzUtmcM3cwbd9e2w,Municipalidad de Guatemala,"Que bella es la Ciudad de Guatemala, unica en su clase. 
Saludos desde El Salvador 😸",que bella es la ciudad de guatemala unica en su clase saludos desde el salvador,bello ciudad guatemala unica clase salvador,6,191,2,0,0,0,1,topic,Municipalidad de Guatemala,hace 7 años
UgxD16VX3BhREOtsuhJ4AaABAg,yLZS3JiEBg8,UCcFIBN-rtC3d3hXeuN5TfWw,@DenisRMC,denisrmc,UCE4rsXcgDb6e1-a9iTbWzfg,Quorum,"Excelente explicación 
Te falto incluir la harina que al final es el mismo dueño de las pastas...eso se llama MONOPOLIO...y tiene nombre
Contra ellos no se puede..hasta este dueño del monopolio hasta apoyo al actual presidente..
Raro..??",excelente explicación te falto incluir la harina que al final es el mismo dueño de las pastas eso se llama monopolio y tiene nombre contra ellos no se puede hasta este dueño del monopolio hasta apoyo al actual presidente raro,excelente explicacion falto incluir harina final mismo dueño pasta llama monopolio nombre dueño monopolio apoyo actual presidente raro,18,0,0,0,0,0,0,channel,@quorumgt/videos,hace 2 años
UgxDBhcq11EK83DqrSZ4AaABAg,j43HgwYFKfk,UCV0lM03g5fg5pbPj97-sAtA,@genarodelgado3929,genarodelgado3929,UCE4rsXcgDb6e1-a9iTbWzfg,Quorum,"Excelente nota prensa!!
Compartan esta información para esos estudiantes ineptos y puedan conocer la realidad!!",excelente nota prensa compartan esta información para esos estudiantes ineptos y puedan conocer la realidad,excelente nota prensa compartir informacion estudiante inepto conocer realidad,9,1,0,0,0,0,0,topic,@quorumgt,hace 1 año
UgxDFo35bUo0APtZcd94AaABAg,lj983NWyAQY,UC_ljZ1hZXR9pzexFz87P5ZA,@ChRiStOpHeR7969,christopher7969,UCXa6LVjBzUtmcM3cwbd9e2w,Municipalidad de Guatemala,"balgame  DIOS   QUE  TAN  ATRASADOS  ESTAN   Y  CUANTO  TIEMPO  PARA  ESTAR  EN  LA  MODERNIDAD OJALA  Y  LO  LOGREN  ,  POR  CUANTOS  PRECIDENTES  TIENE  QUE  PASAR  Y  CONVENSER  PARA  QUE  ESTO  SEA  UNA  REALIDAD",balgame dios que tan atrasados estan y cuanto tiempo para estar en la modernidad ojala y lo logren por cuantos precidentes tiene que pasar y convenser para que esto sea una realidad,balgame dios atrasar cuanto tiempo modernidad ojalar lograr cuanto precidentar pasar convenser realidad,13,0,0,0,0,0,0,topic,Municipalidad de Guatemala,hace 4 años
UgxEE17R1iQyuDZebVF4AaABAg,06mFNPU0aB8,UCLXYp1Cvc5DLtq5UQL5D9vw,@jorgecifuentes-m5g,jorgecifuentes-m5g,UCVpSRoZgngfSL03Nlbjtq9A,Noti7,TransLadrones ?,transladrones,transladron,1,3,1,0,0,0,0,topic,guatemala noticias,hace 2 semanas
UgxEE17R1iQyuDZebVF4AaABAg.A_UFk_pMAbMA_VZ_0Vdu89,06mFNPU0aB8,UCfjhejO7LZy4doXURa7LZCQ,@HonwayLee-z5g,honwaylee-z5g,UCVpSRoZgngfSL03Nlbjtq9A,Noti7,😂😂,,,0,0,0,0,0,0,1,topic,guatemala noticias,hace 2 semanas
UgxE_8DGgJmaHaV_WLJ4AaABAg,n8iP75gIpmw,UCplrIQtaPj6au60_f2-mOYw,@romeolopezherrarte799,romeolopezherrarte799,UCE4rsXcgDb6e1-a9iTbWzfg,Quorum,JAJAJAJA  SE METEN A HACER UN PROYECTO DE FERROCARRIL  A GUATEMALA LA DEJAN COMO ÁFRICA,jajajaja se meten a hacer un proyecto de ferrocarril a guatemala la dejan como áfrica,meter proyecto ferrocarril guatemala dejar africa,6,0,0,0,0,0,0,channel,@quorumgt/videos,hace 2 años
UgxEsAK7q3l34wFdZ414AaABAg,6W4u8sGEnGM,UCql1n3Ey6ULMSOACjMe-fxQ,@RolandoGonzalez-o7g,rolandogonzalez-o7g,UC-ZtFBHzgkYFh7whZkuR_Ag,Gobierno de la República de Guatemala,"El Salvador que es un país tan pequeño está haciendo maravillas en su estructura su presidente.
  Y Guatemala que es un mega país, va tan atrasado como la  tortuga.",el salvador que es un país tan pequeño está haciendo maravillas en su estructura su presidente y guatemala que es un mega país va tan atrasado como la tortuga,salvador pais pequeño maravilla estructura presidente guatemala mega pais atrasar tortuga,11,6,7,0,0,0,0,topic,Gobierno de la República de Guatemala,hace 6 días
UgxEsAK7q3l34wFdZ414AaABAg.A_zCnf5bSajA_zKDdWQaaO,6W4u8sGEnGM,UCZFQwqh90apuL8eFhvRBkUg,@luisricardo9671,luisricardo9671,UC-ZtFBHzgkYFh7whZkuR_Ag,Gobierno de la República de Guatemala,"Nayib Bukele lleva 7 años como presidente de El Salvador teniendo todos los poderes del estado a su favor, y el de Guate con todas las trabas que le pusieron los 2 primeros años, y queres un mega pais en 3 años no jodas, ni un edificio de 15 niveles lo terminan en 4 años, no esperes que la corrupcion de 30 años la solucionen en un periodo de gobierno estan dejando simientos pero si seguimos poniendo presidentes como los antecesores de este olvidate que ese puente lo terminen y seguiras viendo el pais en ruinas.",nayib bukele lleva años como presidente de el salvador teniendo todos los poderes del estado a su favor y el de guate con todas las trabas que le pusieron los primeros años y queres un mega pais en años no jodas ni un edificio de niveles lo terminan en años no esperes que la corrupcion de años la solucionen en un periodo de gobierno estan dejando simientos pero si seguimos poniendo presidentes como los antecesores de este olvidate que ese puente lo terminen y seguiras viendo el pais en ruinas,nayib bukele llevar presidente salvador guate trabar primero mega pais joder edificio nivel terminar esperar corrupcion solucionar periodo gobierno dejar simiento seguir presidente antecesor olvidar puente terminar seguiras ver pais ruina,31,9,0,0,0,0,0,topic,Gobierno de la República de Guatemala,hace 6 días
UgxEsAK7q3l34wFdZ414AaABAg.A_zCnf5bSajA_zMcZPgoSk,6W4u8sGEnGM,UCoGdCoJg2Lh0OX_jv6cG16g,@Israel-u5i7i,israel-u5i7i,UC-ZtFBHzgkYFh7whZkuR_Ag,Gobierno de la República de Guatemala,​ @luisricardo9671 comentario bien acertado saludos amigo🧐🧐🧐,comentario bien acertado saludos amigo,acertar amigo,2,2,0,0,0,1,1,topic,Gobierno de la República de Guatemala,hace 6 días
UgxEsAK7q3l34wFdZ414AaABAg.A_zCnf5bSajA_zX0eQk5DZ,6W4u8sGEnGM,UCyJhqmMbsvjpoarBBStA2kg,@Murmullodelbarrio,murmullodelbarrio,UC-ZtFBHzgkYFh7whZkuR_Ag,Gobierno de la República de Guatemala,"Vos risa das lagarto h..... e p....... a
Ya quisieras que esto lo tuvieras en el Salvador 
A chngr a su madre a su país agrandado de m.....",vos risa das lagarto h e p a ya quisieras que esto lo tuvieras en el salvador a chngr a su madre a su país agrandado de m,vos risa lagarto salvador chngr madre pais agrandar,8,0,0,0,0,0,0,topic,Gobierno de la República de Guatemala,hace 6 días
UgxEsAK7q3l34wFdZ414AaABAg.A_zCnf5bSajA_zXHoAX3hj,6W4u8sGEnGM,UCyJhqmMbsvjpoarBBStA2kg,@Murmullodelbarrio,murmullodelbarrio,UC-ZtFBHzgkYFh7whZkuR_Ag,Gobierno de la República de Guatemala,"​ @luisricardo9671 
Y ni así ha hecho algo similar el Bujele
Solo en seguridad ya se terminó toda la economía de el Pulgarcito y ya no tiene ni quien le preste más dinero",y ni así ha hecho algo similar el bujele solo en seguridad ya se terminó toda la economía de el pulgarcito y ya no tiene ni quien le preste más dinero,hecho similar buje seguridad terminar economia pulgarcitar preste dinero,9,3,0,0,0,1,0,topic,Gobierno de la República de Guatemala,hace 6 días
UgxEsAK7q3l34wFdZ414AaABAg.A_zCnf5bSajA_zXUuRIq0q,6W4u8sGEnGM,UCyJhqmMbsvjpoarBBStA2kg,@Murmullodelbarrio,murmullodelbarrio,UC-ZtFBHzgkYFh7whZkuR_Ag,Gobierno de la República de Guatemala,"Vos Rolando
Tu Bujele lleva 7 años con la cuesta los chorros y ni eso puede terminar
Ja jaaaaaaaaa viva Guatemala",vos rolando tu bujele lleva años con la cuesta los chorros y ni eso puede terminar ja jaaaaaaaaa viva guatemala,vos rolar buje llevar costar chorro terminar jaaaaaaaaa vivar guatemala,10,4,0,0,0,0,0,topic,Gobierno de la República de Guatemala,hace 6 días
UgxEsAK7q3l34wFdZ414AaABAg.A_zCnf5bSajA_znUL05zze,6W4u8sGEnGM,UC63tFvbQ_hJhGDi2nbjssjw,@AbigailRodas-w2r,abigailrodas-w2r,UC-ZtFBHzgkYFh7whZkuR_Ag,Gobierno de la República de Guatemala,Que fácil te dejas engañar al parecer todas se las crees a Bukeli,que fácil te dejas engañar al parecer todas se las crees a bukeli,facil deja engañar parecer creer bukeli,6,2,0,0,0,0,0,topic,Gobierno de la República de Guatemala,hace 6 días
UgxEsAK7q3l34wFdZ414AaABAg.A_zCnf5bSajAa0q77b9a3F,6W4u8sGEnGM,UCtCtts20bW6F9CSohau51Iw,@carlosgranados9875,carlosgranados9875,UC-ZtFBHzgkYFh7whZkuR_Ag,Gobierno de la República de Guatemala,"Y cual mega maravillas de guanacolandia, un estadio chino, un metro cable de 3 kilometros de distancia y un via llamada los chorros que lleva como 5 años y nunca lo terminan. Por favor investiga un poco antes de abrir la bocota. Haaa¡ y se me olvidaba  la gran deuda externa que tienen.☝️🧐🇬🇹🇬🇹🇬🇹🇬🇹",y cual mega maravillas de guanacolandia un estadio chino un metro cable de kilometros de distancia y un via llamada los chorros que lleva como años y nunca lo terminan por favor investiga un poco antes de abrir la bocota haaa y se me olvidaba la gran deuda externa que tienen,mega maravilla guanacolandia estadio chino metro cable kilometrar distancia via llamada chorro llevar nunca terminar investigar abrir bocota haaa olvidar gran deuda externo,23,0,0,0,0,0,1,topic,Gobierno de la República de Guatemala,hace 5 días
UgxEsAK7q3l34wFdZ414AaABAg.A_zCnf5bSajAa0qEPC8tJc,6W4u8sGEnGM,UCtCtts20bW6F9CSohau51Iw,@carlosgranados9875,carlosgranados9875,UC-ZtFBHzgkYFh7whZkuR_Ag,Gobierno de la República de Guatemala,​ @Murmullodelbarrio 👍🇬🇹,,,0,0,0,0,0,1,1,topic,Gobierno de la República de Guatemala,hace 5 días
UgxEsAK7q3l34wFdZ414AaABAg.A_zCnf5bSajAa41uU3Anhg,6W4u8sGEnGM,UCWaRixDdpgllTBf4V0jPnKQ,@hectormaaz5523,hectormaaz5523,UC-ZtFBHzgkYFh7whZkuR_Ag,Gobierno de la República de Guatemala,Por que votas por los payasos ledrones pollo roncos que han robado el pais trata de arrepentirte y no volver apoyar a sus amigos que ae estan preparando para buscar y pagar votantes,por que votas por los payasos ledrones pollo roncos que han robado el pais trata de arrepentirte y no volver apoyar a sus amigos que ae estan preparando para buscar y pagar votantes,votar payaso ledrones pollo ronco robar pais tratar arrepentir volver apoyar amigo preparar buscar pagar votante,16,0,0,0,0,0,0,topic,Gobierno de la República de Guatemala,hace 4 días
UgxFOJmnMHqi2dpDaZd4AaABAg,n8iP75gIpmw,UCcfdg8crmMJwEuLUsAhV7yg,@RolandoRaguay,rolandoraguay,UCE4rsXcgDb6e1-a9iTbWzfg,Quorum,"Creo que no entienden los Sres periodistas, la comida de trabajo que se hace con personas ajenas del congreso se debe de pagar con dinero del pueblo, más no como antes que en las reuniones del congreso comían gratis todos los diputados",creo que no entienden los sres periodistas la comida de trabajo que se hace con personas ajenas del congreso se debe de pagar con dinero del pueblo más no como antes que en las reuniones del congreso comían gratis todos los diputados,creer entender sres periodista comida trabajo persona ajeno congreso pagar dinero pueblo reunion congreso comer gratis diputado,17,1,0,0,0,0,0,channel,@quorumgt/videos,hace 2 años
UgxFzCyhju6zPSl4zwZ4AaABAg,j43HgwYFKfk,UC6Uj1FT5JjDSF8vudvDxPAA,@alfredoortega9264,alfredoortega9264,UCE4rsXcgDb6e1-a9iTbWzfg,Quorum,Bendiciones a la licenciada periodista Vásquez que Dios proteja su camino y la guarde siempre durante su trabajo en pos de la universidad 🙏,bendiciones a la licenciada periodista vásquez que dios proteja su camino y la guarde siempre durante su trabajo en pos de la universidad,bendicion licenciado periodista vasquez dios proteger camino guardar siempre trabajo pos universidad,12,1,0,0,0,0,1,channel,@quorumgt/videos,hace 1 año
UgxHqBlwo8Dpvv-2P5d4AaABAg,n8iP75gIpmw,UCj-LL25XJnjxepPKCc3NGog,@anaaguirre8985,anaaguirre8985,UCE4rsXcgDb6e1-a9iTbWzfg,Quorum,"Es claro nesecitan fondos=caja chica estos recursos deben ser canalizados e implementado  material utilizado las comidas podría ser en fondo general si tuviesen invitados en una sesión extendida, tener un piso por persona. (No comprar lujos)
Esperemos ver otras facturas de diferentes bancadas.
Y apoyo toda fiscalización",es claro nesecitan fondos caja chica estos recursos deben ser canalizados e implementado material utilizado las comidas podría ser en fondo general si tuviesen invitados en una sesión extendida tener un piso por persona no comprar lujos esperemos ver otras facturas de diferentes bancadas y apoyo toda fiscalización,claro nesecitar fondo caja chico recurso canalizar implementar material utilizar comida fondo general invitado sesion extender piso persona comprar lujo esperar ver factura diferente bancada apoyo fiscalizacion,27,1,0,0,0,0,0,channel,@quorumgt/videos,hace 2 años
UgxJQfg5iHA6vRWS0El4AaABAg,j43HgwYFKfk,UC1DpqK6vaPEkBOMNvypsKYg,@HectorCarranza-u4j4o,hectorcarranza-u4j4o,UCE4rsXcgDb6e1-a9iTbWzfg,Quorum,se tiene unir el pueblo y zacar a este corrupto y.criminal xq el pueblo manda no es este mafioso xq este wualter masariego esta sin visa x tramposo es aliado al.pacto de.corruptos y.fe todos los terriristas,se tiene unir el pueblo y zacar a este corrupto y criminal xq el pueblo manda no es este mafioso xq este wualter masariego esta sin visa x tramposo es aliado al pacto de corruptos y fe todos los terriristas,unir pueblo zacar corrupto criminal pueblo manda mafioso wualter masariego visar tramposo aliado pacto corrupto terriristas,16,0,0,0,0,0,0,channel,@quorumgt/videos,hace 6 meses
UgxK5IJwWigmJ56Xp7p4AaABAg,ndAZjHqzzT8,UCpsKOkt5iWTbenzeuq7dsmQ,@inge_vergueta,inge_vergueta,UCE4rsXcgDb6e1-a9iTbWzfg,Quorum,Magistral información. Que debería ser viral y llegar a toda la población...,magistral información que debería ser viral y llegar a toda la población,magistral informacion viral llegar poblacion,5,1,0,0,0,0,0,channel,@quorumgt/videos,hace 2 años
UgxKfM_nJMsGTkKkM8V4AaABAg,n8iP75gIpmw,UCDftMWXQoJ6nONfY7GVOVjg,@luisgpacheco5858,luisgpacheco5858,UCE4rsXcgDb6e1-a9iTbWzfg,Quorum,"Diga hasta misa diputado hambriento, cualquier justificación es pretexto y deje de buscar protagonismo en un trabajo que no hace eficientemente, ojalá la gente sensata nunca más vuelva a dar un voto en una planilla en donde figuren tipos de esta vil calaña.",diga hasta misa diputado hambriento cualquier justificación es pretexto y deje de buscar protagonismo en un trabajo que no hace eficientemente ojalá la gente sensata nunca más vuelva a dar un voto en una planilla en donde figuren tipos de esta vil calaña,misa diputado hambriento cualquiera justificacion pretexto dejar buscar protagonismo trabajo eficientemente ojala sensato nunca volver voto planilla figurar tipo vil calaña,21,0,0,0,0,0,0,channel,@quorumgt/videos,hace 2 años
UgxLNf6Xy3xngPFLs594AaABAg,n8iP75gIpmw,UCYwpX26TrCxq8TvbKGRYLXA,@beneficioelcaminovillacana8540,beneficioelcaminovillacana8540,UCE4rsXcgDb6e1-a9iTbWzfg,Quorum,Sr diputado si ud sabe cuales son las condiciones del funcionamiento y sus consecuencias de ser diputado. Por qué se mete a ser diputado cual es su objetivo q le motiva  ser funcionario político. O acaso lo obligaron ?,sr diputado si ud sabe cuales son las condiciones del funcionamiento y sus consecuencias de ser diputado por qué se mete a ser diputado cual es su objetivo q le motiva ser funcionario político o acaso lo obligaron,diputado condicion funcionamiento consecuencia diputado meter diputado objetivo motivar funcionario politico acaso obligar,13,3,0,0,0,0,0,channel,@quorumgt/videos,hace 2 años
UgxLSZD8ZrNFmd10RKR4AaABAg,n8iP75gIpmw,UCUIIIPTVDVHAXqhC_5V6lPA,@gorrarota,gorrarota,UCE4rsXcgDb6e1-a9iTbWzfg,Quorum,"Que desgraciado ese dipurrata, justificando lo injustificable... no sólo se reunen para planear sus transas si no que además pagamos la factura de esas reuniones y cuidado que menciona a Arévago con una de las transas que pretende hacer con lo de ""tecnología"" que dice es su trabajo como legislador.",que desgraciado ese dipurrata justificando lo injustificable no sólo se reunen para planear sus transas si no que además pagamos la factura de esas reuniones y cuidado que menciona a arévago con una de las transas que pretende hacer con lo de tecnología que dice es su trabajo como legislador,desgraciado dipurrata justificar injustificable reunen planear transar ademas pagar factura reunion cuidado mencionar arevago transar pretender tecnologia trabajo legislador,19,0,0,0,0,0,0,channel,@quorumgt/videos,hace 2 años
UgxNSGVebHMGSFI8zX94AaABAg,6W4u8sGEnGM,UCzZ6dDCEsLMXbc5pCFXIprw,@josegil3813,josegil3813,UC-ZtFBHzgkYFh7whZkuR_Ag,Gobierno de la República de Guatemala,"tendra' una vista maravillosa , pero lo feo sera' la vista del rio aguas negras muy negativo para el turismo internacional.-",tendra una vista maravillosa pero lo feo sera la vista del rio aguas negras muy negativo para el turismo internacional,vista maravilloso feo vista reir agua negro negativo turismo internacional,10,0,0,0,0,0,0,topic,Gobierno de la República de Guatemala,hace 6 días
UgxNgFkGSE6nct4PF3V4AaABAg,PjmxCj-a9Hg,UCNIeXbV_mEwpa412h1aqUWw,@juandeleon9060,juandeleon9060,UC-ZtFBHzgkYFh7whZkuR_Ag,Gobierno de la República de Guatemala,Regresa. Y. Bas de buelta. Ala carsel....,regresa y bas de buelta ala carsel,regresar buelta ala carsel,4,0,0,0,0,0,0,topic,@GobiernodeGuatemala,hace 1 año
UgxOO0LIkZP1WvhR1U54AaABAg,ndAZjHqzzT8,UC_6KbBY1bsYXz9fwFS0eQRg,@imrcp5694,imrcp5694,UCE4rsXcgDb6e1-a9iTbWzfg,Quorum,Exelente 👌,exelente,exelente,1,0,0,0,0,0,1,channel,@quorumgt/videos,hace 2 años
UgxPHo503SIH-EmlR-t4AaABAg,6W4u8sGEnGM,UCV3fr-YOixFKCZBbJP1-X4w,@albertoshernandez5251,albertoshernandez5251,UC-ZtFBHzgkYFh7whZkuR_Ag,Gobierno de la República de Guatemala,"EL PRESIDENTE BERNARDO AREVALO TIENE QUE DAR SEGUNDA BUELTA COMO PRESIDENTE PARA QUE TERMINE TODOS LOS PROYECTOS QUE LOS ANTERIORES PRESINTES LADRONES NO FINALISARON .,EL PRESIDENTE BERNARDO AREVALO TIENE QUE DAR SEGUNDA BUELTA PORQUE SE VE MUY BIÉN QUE SI ESTA HACIENDO MUCHAS COSAS BUENAS EN GUATEMALA 👍.",el presidente bernardo arevalo tiene que dar segunda buelta como presidente para que termine todos los proyectos que los anteriores presintes ladrones no finalisaron el presidente bernardo arevalo tiene que dar segunda buelta porque se ve muy bién que si esta haciendo muchas cosas buenas en guatemala,presidente bernardo arevalo segundo buelta presidente terminar proyecto anterior presintes ladron finalisaron presidente bernardo arevalo segundo buelta guatemala,18,2,0,0,0,0,1,topic,Gobierno de la República de Guatemala,hace 6 días
UgxPRaGm9MdlK4U6VPt4AaABAg,n8iP75gIpmw,UCDQaQv0hr2SS_PO-CMEwVHg,@federicosaquimux1933,federicosaquimux1933,UCE4rsXcgDb6e1-a9iTbWzfg,Quorum,"Bueno, si lo tienen más que ""merecido"" por el trabajo por la patria, hay menús más baratos. Aunque lo justifica y lo rejustifica, no es merecido con tanta desnutrición y costo de la canasta básica.

Por honestidad, se puede reintegrar.",bueno si lo tienen más que merecido por el trabajo por la patria hay menús más baratos aunque lo justifica y lo rejustifica no es merecido con tanta desnutrición y costo de la canasta básica por honestidad se puede reintegrar,bueno merecido trabajo patria menu barato aunque justificar rejustifica merecido desnutricion costo canasta basico honestidad reintegrar,16,1,0,0,0,0,0,channel,@quorumgt/videos,hace 2 años (editado)
UgxQC-ejR063rkAb1VB4AaABAg,yLZS3JiEBg8,UCefAH1MbvADWUjE9WVcB9EQ,@jabriz8152,jabriz8152,UCE4rsXcgDb6e1-a9iTbWzfg,Quorum,"Y no hay manera de aprobar la ley de libre competencia, Guatepeor, aranceles, trabas a importaciones, suministros, hasta cuando",y no hay manera de aprobar la ley de libre competencia guatepeor aranceles trabas a importaciones suministros hasta cuando,manera aprobar ley libre competencia guatepeor arancel trabar importacion suministro,10,0,0,0,0,0,0,channel,@quorumgt/videos,hace 2 años (editado)
UgxR0AXNH_3DGn-T1494AaABAg,n8iP75gIpmw,UC72gBAtyb_VXQlYDcFrh6oQ,@osmanmorales3012,osmanmorales3012,UCE4rsXcgDb6e1-a9iTbWzfg,Quorum,Y para que participan si por el sueldo no es sino por robar,y para que participan si por el sueldo no es sino por robar,participar sueldo sino robar,4,15,0,0,0,0,0,channel,@quorumgt/videos,hace 2 años
UgxR1eqvFSEtPNShD8x4AaABAg,6W4u8sGEnGM,UCEHXl4VvvVpq-_4xC5tsbhg,@anibalg47,anibalg47,UC-ZtFBHzgkYFh7whZkuR_Ag,Gobierno de la República de Guatemala,SEÑORES ESTE ES UN MEGA PROYECTO. DEBEMOS TRABAJAR Y PENSAR EN EL FUTURO DE GUATEMALA.AVANCEMOS HACIA ADELANTE.  DELANTE...,señores este es un mega proyecto debemos trabajar y pensar en el futuro de guatemala avancemos hacia adelante delante,mega proyecto trabajar pensar futuro guatemala avanzar hacia adelante delante,10,7,0,0,0,0,0,topic,Gobierno de la República de Guatemala,hace 6 días
UgxS0pN-vg0fjeNSLeJ4AaABAg,6W4u8sGEnGM,UCeQk-WfEA-cJRq4EKeE7TOw,@franciscojuarez9223,franciscojuarez9223,UC-ZtFBHzgkYFh7whZkuR_Ag,Gobierno de la República de Guatemala,lamento arruinarles la fiesta pero dudo que esto logren materializarlo y si se logra que soporte un fuerte sismo... lo dudo... desde ya es un reto para el nivel de corrupción en el que vivimos y que se termine esta obra que si beneficiara a miles,lamento arruinarles la fiesta pero dudo que esto logren materializarlo y si se logra que soporte un fuerte sismo lo dudo desde ya es un reto para el nivel de corrupción en el que vivimos y que se termine esta obra que si beneficiara a miles,lamento arruinar fiesta dudar lograr materializar lograr soporte fuerte sismo dudar reto nivel corrupcion vivir terminar obra beneficiar mil,19,0,0,0,0,0,0,topic,Gobierno de la República de Guatemala,hace 6 días
UgxTjz0jSJkZW5dGnSp4AaABAg,n8iP75gIpmw,UCkd9W714-947dEE6ZOEBATA,@ARGELIATELON,argeliatelon,UCE4rsXcgDb6e1-a9iTbWzfg,Quorum,"Nomás se sientan en el cargo de diputados y ministros y....les crecen ""los cachetes"" hasta les brillan y la barriga. Ej. Benito (tamaletas), Sinibaldi y otros. Y nuestros niños desnutridos....les viene del aire.",nomás se sientan en el cargo de diputados y ministros y les crecen los cachetes hasta les brillan y la barriga ej benito tamaletas sinibaldi y otros y nuestros niños desnutridos les viene del aire,nomas sentar cargo diputado ministro crecer cachete brillar barriga benito tamaleta sinibaldi niño desnutrir venir aire,16,0,0,0,0,0,0,channel,@quorumgt/videos,hace 2 años
UgxVUS-jkZU2DAjmNjR4AaABAg,n8iP75gIpmw,UCljDbleJul41G1TzOjOZAVA,@hectorcarranza3777,hectorcarranza3777,UCE4rsXcgDb6e1-a9iTbWzfg,Quorum,x eso es que estan bravos todos esos sinverguenzas xq ya no pueden hacer sus cochinadas ahora con don vernardo arevalo antes asian amedia noche a escondidas del pueblo ahora seles termino todo que verguenza que el pueblo sufriendo muchos problemas y eyos gosando de buenas dietas,x eso es que estan bravos todos esos sinverguenzas xq ya no pueden hacer sus cochinadas ahora con don vernardo arevalo antes asian amedia noche a escondidas del pueblo ahora seles termino todo que verguenza que el pueblo sufriendo muchos problemas y eyos gosando de buenas dietas,bravo sinverguenzas cochinada don vernardo arevalo asian amedia noche esconder pueblo seles terminar verguenza pueblo sufrir problema eyos gosando dieta,20,1,0,0,0,0,0,channel,@quorumgt/videos,hace 2 años
UgxW0ZnTohConSPgOpp4AaABAg,j43HgwYFKfk,UCGGHbtfbbe0o68etrOf0qxw,@karensussetteleonvargas9794,karensussetteleonvargas9794,UCE4rsXcgDb6e1-a9iTbWzfg,Quorum,Exelente,exelente,exelente,1,0,0,0,0,0,0,channel,@quorumgt/videos,hace 6 meses
UgxWzoHDeFfVC7jrjzF4AaABAg,OkXlHx0hx-8,UCVdjCrh4tQoX3haNAZv-n5A,@aurahernandez5646,aurahernandez5646,UCRwA1NUcUnwsly35ikGhp0A,Noticias Telemundo,Dios los bendiga y disfruten su familia Dios sabe lo que hace bendiciones para todos.,dios los bendiga y disfruten su familia dios sabe lo que hace bendiciones para todos,dios bendecir disfrutar familia dios bendicion,6,3,1,0,0,0,0,topic,guatemala noticias,hace 1 día
UgxWzoHDeFfVC7jrjzF4AaABAg.Aa9DdH5avRRAaB_gLYRAuw,OkXlHx0hx-8,UCi2KiZq63sRq8Mfbcp-MelQ,@eugeneramirez4405,eugeneramirez4405,UCRwA1NUcUnwsly35ikGhp0A,Noticias Telemundo,If you're not a citizen you cannot stay!,if you re not a citizen you cannot stay,you not citizar you cannot stay,6,0,0,0,0,0,0,topic,guatemala noticias,hace 20 horas
UgxXGkvxY-TdtPROWcV4AaABAg,j43HgwYFKfk,UCZeIIQrGAedW8tCbKWmGY-A,@mariocordon8873,mariocordon8873,UCE4rsXcgDb6e1-a9iTbWzfg,Quorum,No cabe duda que es el reflejo de la cooptacion que el pacto de corruptos a echo en todas las instituciones del pais.,no cabe duda que es el reflejo de la cooptacion que el pacto de corruptos a echo en todas las instituciones del pais,caber duda reflejo cooptacion pacto corrupto echar institucion pais,9,9,0,0,0,0,0,topic,@quorumgt,hace 1 año
UgxXy9CurqMBEjFnVwF4AaABAg,ndAZjHqzzT8,UCvcu1kR8xMYy_I1Ty-2mV2Q,@hashojea7348,hashojea7348,UCE4rsXcgDb6e1-a9iTbWzfg,Quorum,"Excelente video, me acabo de suscribir al canal y ahora a ver los demás videos.",excelente video me acabo de suscribir al canal y ahora a ver los demás videos,excelente acabar suscribir ver demas,5,0,0,0,0,0,0,channel,@quorumgt/videos,hace 2 años
UgxZFzh6jzOX7Avhk1h4AaABAg,n8iP75gIpmw,UCFUuDARXdmmIrLppEqf-rFg,@allanmunoz7410,allanmunoz7410,UCE4rsXcgDb6e1-a9iTbWzfg,Quorum,"Es con criterio, no le podemos exigir mucho.",es con criterio no le podemos exigir mucho,criterio exigir,2,0,0,0,0,0,0,channel,@quorumgt/videos,hace 2 años
Ugx_gjcVH5SlIKBNTGh4AaABAg,yLZS3JiEBg8,UCCUmP4PlbwgikVFpYwbtRTg,@alhvi,alhvi,UCE4rsXcgDb6e1-a9iTbWzfg,Quorum,"Excelente trabajo. Sigan haciendo más vídeos así, explicando con lenguaje sencillo. Quisiera apoyarles más, pero les dejo mi like, comentario y comparto.",excelente trabajo sigan haciendo más vídeos así explicando con lenguaje sencillo quisiera apoyarles más pero les dejo mi like comentario y comparto,excelente trabajo seguir explicar lenguaje sencillo apoyar dejo like compartir,10,3,0,0,0,0,0,channel,@quorumgt/videos,hace 2 años
Ugxb-sknzjBr3wecCw94AaABAg,06mFNPU0aB8,UCfXykdbSU97rj987LDUGfvg,@MariaSantos-c8y3h,mariasantos-c8y3h,UCVpSRoZgngfSL03Nlbjtq9A,Noti7,Por q no dan la cara,por q no dan la cara,cara,1,1,0,0,0,0,0,topic,guatemala noticias,hace 2 semanas
Ugxb1xcC9SSJ_5vSArF4AaABAg,j43HgwYFKfk,UC4Avya4kmR4Q0FrfFdBozSQ,@davidlima1348,davidlima1348,UCE4rsXcgDb6e1-a9iTbWzfg,Quorum,"Urge estudiantes y catedráticos con lucha social,en recuperar la autonomía universitaria,es urgente fiscalizar los bienes de quienes estuvieron apoyando a este rector,revisar viajesitos a muchos estudiantes que se vendieron urge una A.E.U. que ame la sancarlos y nuestro bendito país,urgente fiscalizarlos",urge estudiantes y catedráticos con lucha social en recuperar la autonomía universitaria es urgente fiscalizar los bienes de quienes estuvieron apoyando a este rector revisar viajesitos a muchos estudiantes que se vendieron urge una a e u que ame la sancarlos y nuestro bendito país urgente fiscalizarlos,urgir estudiante catedratico lucha social recuperar autonomia universitario urgente fiscalizar apoyar rector revisar viajesito estudiante vender urgir amar sancarlo bendecir pais urgente fiscalizar,23,11,0,0,0,0,0,topic,@quorumgt,hace 1 año
Ugxbz7-04jLwadBMK_p4AaABAg,n8iP75gIpmw,UChep9kVb5gQmpodEEl10Xlg,@carlosaguilar-kz7ml,carlosaguilar-kz7ml,UCE4rsXcgDb6e1-a9iTbWzfg,Quorum,2000 quetzales todo una quincena se hartaron en un solo dia. Que joyitas estas que no piensan en el pueblo.,quetzales todo una quincena se hartaron en un solo dia que joyitas estas que no piensan en el pueblo,quetzal quincena hartar dia joyitas pensar pueblo,7,0,0,0,0,0,0,channel,@quorumgt/videos,hace 2 años
UgxcBa2IQb3I0JZcFax4AaABAg,6W4u8sGEnGM,UCtsxPYw8VUsH_FfnKg-0lmw,@AlejandroPérez-b6r,alejandrop%c3%a9rez-b6r,UC-ZtFBHzgkYFh7whZkuR_Ag,Gobierno de la República de Guatemala,Lo del nombre es lo de menos ojala que si lo terminen esta vez,lo del nombre es lo de menos ojala que si lo terminen esta vez,nombre ojalar terminar,3,2,0,0,0,0,0,topic,Gobierno de la República de Guatemala,hace 6 días
UgxcGV8-rD83ACvM0954AaABAg,n8iP75gIpmw,UCRlCV9zSn7avAWh-9_XFWqQ,@ronyarana8849,ronyarana8849,UCE4rsXcgDb6e1-a9iTbWzfg,Quorum,"No es un buen salario 25,000.00 quetzales dice entonces q puedo hacer yo con 3,000.00 tristes quetzales",no es un buen salario quetzales dice entonces q puedo hacer yo con tristes quetzales,buen salario quetzal entonces triste quetzal,6,1,0,0,0,0,0,channel,@quorumgt/videos,hace 2 años
UgxctiUZJriWwsE0a6J4AaABAg,n8iP75gIpmw,UCut6b9S98nv84cVX89PmKzA,@yeniferaguirre4498,yeniferaguirre4498,UCE4rsXcgDb6e1-a9iTbWzfg,Quorum,Échale un cuento completo este diputado y toda la bola de inservibles que fueron a comerse dinero del pueblo hasta sanguijuelas Oiga bien Dice que Cómo en el erario público y el gobierno como empresa donde una empresa produce dinero ellos gastan dinero desde una empresa no le da un bocado de comida a nadie si no produce ellos no producen ellos son los gastan,échale un cuento completo este diputado y toda la bola de inservibles que fueron a comerse dinero del pueblo hasta sanguijuelas oiga bien dice que cómo en el erario público y el gobierno como empresa donde una empresa produce dinero ellos gastan dinero desde una empresa no le da un bocado de comida a nadie si no produce ellos no producen ellos son los gastan,echar cuento completo diputado bola inservible comerse dinero pueblo sanguijuela oir erario publico gobierno empresa empresa producir dinero gastar dinero empresa bocado comida nadie producir producir gastar,27,0,0,0,0,0,0,channel,@quorumgt/videos,hace 2 años
Ugxd8fn-MEnc3SKPtid4AaABAg,6W4u8sGEnGM,UCfo_yUPzy1f1POwwZxhZ06Q,@lara11roberto,lara11roberto,UC-ZtFBHzgkYFh7whZkuR_Ag,Gobierno de la República de Guatemala,"Otto Pérez Leal dejó tirado un paso a desnivel en Molino Las Flores y Neto Bran ni se ha molestado en retomar. 
Hay diferencias de políticos. Arévalo, el tiempo le dará la razón.
La paciencia es una virtud.",otto pérez leal dejó tirado un paso a desnivel en molino las flores y neto bran ni se ha molestado en retomar hay diferencias de políticos arévalo el tiempo le dará la razón la paciencia es una virtud,otto perez leal dejar tirado paso desnivel molino florar neto bran molestar retomar diferencia politico arevalo tiempo razon paciencia virtud,20,1,0,0,0,0,0,topic,Gobierno de la República de Guatemala,hace 6 días
UgxdfjiT5_VBaeADj7h4AaABAg,6W4u8sGEnGM,UCV3fr-YOixFKCZBbJP1-X4w,@albertoshernandez5251,albertoshernandez5251,UC-ZtFBHzgkYFh7whZkuR_Ag,Gobierno de la República de Guatemala,TODO EL APOYO PARA EL PRESIDENTE BERNARDO AREVALO 👏🎉👏🎉👏🎉👏,todo el apoyo para el presidente bernardo arevalo,apoyo presidente bernardo arevalo,4,4,0,0,0,0,1,topic,Gobierno de la República de Guatemala,hace 6 días
Ugxe0MXeW4ziwUMTfF54AaABAg,n8iP75gIpmw,UCTylKrsqkrBKIqubMu_5N0Q,@edwingeovanymarroquinmarro6684,edwingeovanymarroquinmarro6684,UCE4rsXcgDb6e1-a9iTbWzfg,Quorum,Jejejejejkee porque nosotros vivos con el minimo jejeje,jejejejejkee porque nosotros vivos con el minimo jejeje,jejejejejkear vivo minimo,3,1,0,0,0,0,0,channel,@quorumgt/videos,hace 2 años
UgxeJQgzDc124jVv7Fx4AaABAg,j43HgwYFKfk,UC5hvEnRUzI4Kfvwnyi4QxqQ,@leonelsantizo5281,leonelsantizo5281,UCE4rsXcgDb6e1-a9iTbWzfg,Quorum,Más claro imposible! Usac sigan en su lucha! Mientras comparto su video para que más personas se informen,más claro imposible usac sigan en su lucha mientras comparto su video para que más personas se informen,claro imposible usac seguir lucha mientras compartir persona informar,9,2,0,0,0,0,0,topic,@quorumgt,hace 1 año
Ugxf6gnAtXKqV1Q_zRd4AaABAg,WIUZtitfLRw,UCVhif9eV0f8plICen2DnpKA,@blogarteplus,blogarteplus,UCE4rsXcgDb6e1-a9iTbWzfg,Quorum,"Excelente reportaje. Les comparto algo que escribí en mi blog sobre mi experiencia siendo peatón en la cabecera departamental de Jutiapa, acá en Guatemala. 
https://mrmannoticias.blogspot.com/2018/04/el-indomito-peaton-de-jutiapa.html",excelente reportaje les comparto algo que escribí en mi blog sobre mi experiencia siendo peatón en la cabecera departamental de jutiapa acá en guatemala,excelente reportaje compartir escribir blog experiencia peaton cabecera departamental jutiapa guatemala,11,0,0,1,0,0,0,channel,@quorumgt/videos,hace 1 año
UgxfUxJfY_pjvu9318Z4AaABAg,n8iP75gIpmw,UC1vr9aaMI2crB0NvwFHUeoQ,@JoseSimilox-p6e,josesimilox-p6e,UCE4rsXcgDb6e1-a9iTbWzfg,Quorum,Ese diputado es mañoso y abusivo como todos solo de artar no hacen nada bueno por el pueblo ladrones el pueblo le paga de Ai tiene que pagar su almuerzo,ese diputado es mañoso y abusivo como todos solo de artar no hacen nada bueno por el pueblo ladrones el pueblo le paga de ai tiene que pagar su almuerzo,diputado mañoso abusivo artar bueno pueblo ladron pueblo paga pagar almuerzo,11,0,0,0,0,0,0,channel,@quorumgt/videos,hace 1 año
UgxfnbtuhVQuDILnXj14AaABAg,n8iP75gIpmw,UCEgEQmRbtL5fwr9_DqAC--g,@ArielRodas-g5y,arielrodas-g5y,UCE4rsXcgDb6e1-a9iTbWzfg,Quorum,Que no justifique. Trabajo es trabajo y tiene que haser algo,que no justifique trabajo es trabajo y tiene que haser algo,justificar trabajo trabajo haser,4,2,0,0,0,0,0,channel,@quorumgt/videos,hace 2 años
Ugxgxziq7k4s9WwmauB4AaABAg,lj983NWyAQY,UCIUhbSCy3-SGRe5UtqM4fzQ,@jeanmorales1677,jeanmorales1677,UCXa6LVjBzUtmcM3cwbd9e2w,Municipalidad de Guatemala,Es problema es el exceso de vehículos y eso nadie lo podrá resolver sin contar la falta de educación vial que genera bastante tráfico ya q todos quieren pasar al mismo tiempo. Pero son buenos proyectos.,es problema es el exceso de vehículos y eso nadie lo podrá resolver sin contar la falta de educación vial que genera bastante tráfico ya q todos quieren pasar al mismo tiempo pero son buenos proyectos,problema exceso vehiculo nadie resolver contar falta educacion vial generar bastante trafico pasar mismo tiempo proyecto,16,1,0,0,0,0,0,topic,Municipalidad de Guatemala,hace 4 años
UgxiEgXuexKPtHEwAQJ4AaABAg,OkXlHx0hx-8,UCozFYHN0e_-vlQbX3wQGOug,@jesusguzman2321,jesusguzman2321,UCRwA1NUcUnwsly35ikGhp0A,Noticias Telemundo,Esa son la noticia de univision y Telemundo  no dan otra positiva al gobierno  ya lo estamos desenmascarando  su manipulación,esa son la noticia de univision y telemundo no dan otra positiva al gobierno ya lo estamos desenmascarando su manipulación,noticia univision telemundo positivo gobierno desenmascarar manipulacion,7,5,2,0,0,0,0,topic,guatemala noticias,hace 1 día
UgxiEgXuexKPtHEwAQJ4AaABAg.Aa9HLCNywwKAa9OgyseDes,OkXlHx0hx-8,UCQMMuADgqWUOcJpLwHOzC-g,@Ripped-Yoda,ripped-yoda,UCRwA1NUcUnwsly35ikGhp0A,Noticias Telemundo,Bajo el crimen y la oferta de casas crecio en Texas…..lastima por tamto ilegal,bajo el crimen y la oferta de casas crecio en texas lastima por tamto ilegal,bajo crimen oferta casa crecio texas lastimar tamto ilegal,9,0,0,0,0,0,0,topic,guatemala noticias,hace 1 día
UgxiEgXuexKPtHEwAQJ4AaABAg.Aa9HLCNywwKAa9ZeEQh7n7,OkXlHx0hx-8,UC-QOpE7GOxlXcHZ8b7HbQKA,@mariaalexander427,mariaalexander427,UCRwA1NUcUnwsly35ikGhp0A,Noticias Telemundo,💯Correcto.  Unicoyote y Telementiras ya jartan con la misma novela y teatro todos los dias.,correcto unicoyote y telementiras ya jartan con la misma novela y teatro todos los dias,correcto unicoyote telementira jartan mismo novela teatro,7,0,0,0,0,0,1,topic,guatemala noticias,hace 1 día
Ugxj76_NAyOnh_vsgMV4AaABAg,lj983NWyAQY,UC0RpuMwkDKJYqgKHtsJRuWQ,@sabinamarinaguerra3248,sabinamarinaguerra3248,UCXa6LVjBzUtmcM3cwbd9e2w,Municipalidad de Guatemala,Se ve moderna Y bella la ciudad de Guatemala .......Saludos desde Ecuador,se ve moderna y bella la ciudad de guatemala saludos desde ecuador,moderno bello ciudad guatemala ecuador,5,113,1,0,0,0,0,topic,Municipalidad de Guatemala,hace 7 años
UgxkcFai5KbeHyhGbnF4AaABAg,6W4u8sGEnGM,UC-HeUTT6_g-VoiWds2a4H-w,@JorgeMunoz-gd9et,jorgemunoz-gd9et,UC-ZtFBHzgkYFh7whZkuR_Ag,Gobierno de la República de Guatemala,Señor presidente enfoque se en combatir la delincuencia y usted será recordado como el mejor presidente de Guatemala,señor presidente enfoque se en combatir la delincuencia y usted será recordado como el mejor presidente de guatemala,presidente enfoque combatir delincuencia recordar mejor presidente guatemala,8,0,0,0,0,0,0,topic,Gobierno de la República de Guatemala,hace 6 días
Ugxl5bLZ1llR9fV0V0l4AaABAg,n8iP75gIpmw,UC2Y_EHWQKevubk4vOEBBFxw,@alfonsomorales2653,alfonsomorales2653,UCE4rsXcgDb6e1-a9iTbWzfg,Quorum,"Demos Like y comentemos en este tipo de contenido, asi mas gente se entera de estos tranzas 
Risa dá que pida que hanlen de lo que ""hace bien""..... Es su trabajo pedazo de M",demos like y comentemos en este tipo de contenido asi mas gente se entera de estos tranzas risa dá que pida que hanlen de lo que hace bien es su trabajo pedazo de m,demo like comentar tipo contenido enterar tranzar risa pedir hanlen trabajo pedazo,12,1,0,0,0,0,0,channel,@quorumgt/videos,hace 2 años
UgxoLjEjkngSVGZvO1N4AaABAg,j43HgwYFKfk,UCpsKOkt5iWTbenzeuq7dsmQ,@inge_vergueta,inge_vergueta,UCE4rsXcgDb6e1-a9iTbWzfg,Quorum,👏👏👏👏👏👏,,,0,2,0,0,0,0,1,topic,@quorumgt,hace 1 año
Ugxoc10_rBva4f6IW2N4AaABAg,n8iP75gIpmw,UCwW2OFy95P7ZBkOPxWkpvYg,@TeresaLucero-b5o,teresalucero-b5o,UCE4rsXcgDb6e1-a9iTbWzfg,Quorum,Que devuelvan el pisto ...,que devuelvan el pisto,devolver pisto,2,1,0,0,0,0,0,channel,@quorumgt/videos,hace 2 años
UgxovP0Yh3_qrKdrKrp4AaABAg,yLZS3JiEBg8,UCwEe1RKlEv1UpNWmWYfSh4w,@marioramirez299,marioramirez299,UCE4rsXcgDb6e1-a9iTbWzfg,Quorum,"Primera contradicción ¿Cómo le van a poner un conjunto de reglas a un ""libre mercado"". Al hacer la ley ya no será un libre mercado.

El problema no es la falta de ley. El problema es el sistema capitalista. No hay que darle tanta vuelta",primera contradicción cómo le van a poner un conjunto de reglas a un libre mercado al hacer la ley ya no será un libre mercado el problema no es la falta de ley el problema es el sistema capitalista no hay que darle tanta vuelta,primero contradiccion conjunto regla libre mercado ley libre mercado problema falta ley problema sistema capitalista darle vuelta,17,0,0,0,0,0,0,channel,@quorumgt/videos,hace 2 años
UgxpFKbiejsVGSNIcTh4AaABAg,n8iP75gIpmw,UCQtICyzWmhC5woCtbNgaSmg,@nestormendez6216,nestormendez6216,UCE4rsXcgDb6e1-a9iTbWzfg,Quorum,Esa bancada Cabal y otros siguen en la terquedad de gastar en comida. A nadie le deben pagar su comida. A nadie. NADIE.,esa bancada cabal y otros siguen en la terquedad de gastar en comida a nadie le deben pagar su comida a nadie nadie,bancada cabal seguir terquedad gastar comida nadie pagar comida nadie nadie,11,0,0,0,0,0,0,channel,@quorumgt/videos,hace 2 años
UgxqEChOyWebtVaqy-V4AaABAg,n8iP75gIpmw,UCDlr1VadSucIZgZ171pRBjQ,@cuabatzjj5924,cuabatzjj5924,UCE4rsXcgDb6e1-a9iTbWzfg,Quorum,Soy yo vi Cua Batz,soy yo vi cua batz,cua batz,2,0,0,0,0,0,0,channel,@quorumgt/videos,hace 2 años
UgxqSfWMWvqMX8tiC5x4AaABAg,n8iP75gIpmw,UCHhHUjaMAZ8SiXdCUCj9DkQ,@fredymendez1786,fredymendez1786,UCE4rsXcgDb6e1-a9iTbWzfg,Quorum,"me imagino que en los horarios que deberian de estar trabajando estan durmiendo por eso aparecen , dicen que trabajando pero es es solamente haciendo carnitas asadas y cerveciando.",me imagino que en los horarios que deberian de estar trabajando estan durmiendo por eso aparecen dicen que trabajando pero es es solamente haciendo carnitas asadas y cerveciando,imaginar horario deberian trabajar dormir aparecer trabajar carnitas asar cerveciar,10,2,0,0,0,0,0,channel,@quorumgt/videos,hace 2 años
UgxrZBO3MtEqcgXAIEN4AaABAg,lj983NWyAQY,UCxKR3RA8T-kxMgq_2WWhRcQ,@elenaluarca9377,elenaluarca9377,UCXa6LVjBzUtmcM3cwbd9e2w,Municipalidad de Guatemala,"Que bueno que Guatemala sea una cuidad bonita y ojalá todos los proyectos sean realidad. Se los deseo con todo corazón de una salvadoreña que gusta mucho de la cuidad de Guatemala , donde me crie y viví por mucho tiempo y la considero mi segundo país, viva Guatemala y viva todo Centroamérica.",que bueno que guatemala sea una cuidad bonita y ojalá todos los proyectos sean realidad se los deseo con todo corazón de una salvadoreña que gusta mucho de la cuidad de guatemala donde me crie y viví por mucho tiempo y la considero mi segundo país viva guatemala y viva todo centroamérica,bueno guatemala cuidar bonito ojala proyecto realidad deseo corazon salvadoreño gustar cuidar guatemala criar vivir tiempo considerar segundo pais vivar guatemala vivar centroamerica,23,329,5,0,0,0,0,topic,Municipalidad de Guatemala,hace 7 años
UgxswojCyw1a0RuHVEp4AaABAg,3Nfp9h5avBI,UCJxJC56BSAX-ArD0NAb9qnQ,@alfonsowilian9157,alfonsowilian9157,UCdSVqHGHzyMTXSafUHY-e-w,Noticiero Guatevisión 13 Hrs.,La persona encargada del ecosistema que ayude a este problema.,la persona encargada del ecosistema que ayude a este problema,persona encargado ecosistema ayudar problema,5,0,0,0,0,0,0,topic,guatemala noticias,hace 22 horas
UgxuO_1lX_-jTQfAzZx4AaABAg,lj983NWyAQY,UCqilIa8r7iek5sGYg_q6ofA,@rolandojuchuna484,rolandojuchuna484,UCXa6LVjBzUtmcM3cwbd9e2w,Municipalidad de Guatemala,Sería  muy bueno construir el tren a nivel departamentales hacia la ciudad de Guatemala,sería muy bueno construir el tren a nivel departamentales hacia la ciudad de guatemala,bueno construir tren nivel departamental hacia ciudad guatemala,8,52,1,0,0,0,0,topic,Municipalidad de Guatemala,hace 7 años
UgxudaO35O8XcM9Wu4t4AaABAg,3Nfp9h5avBI,UCyor0Mmm0ivLX2jIdyGp84Q,@MiguelJordan-n3g,migueljordan-n3g,UCdSVqHGHzyMTXSafUHY-e-w,Noticiero Guatevisión 13 Hrs.,Q  recuerdos esta dejando semiya se pierden armas del estado la delincuencia no reduse,q recuerdos esta dejando semiya se pierden armas del estado la delincuencia no reduse,recuerdo dejar semiya perder arma delincuencia reduse,7,0,0,0,0,0,0,topic,guatemala noticias,hace 23 horas
UgxvgdNqovIhqUZDxUx4AaABAg,j43HgwYFKfk,UCpe5jW3MIqkgTJ-PgkzvM6Q,@carloslam5333,carloslam5333,UCE4rsXcgDb6e1-a9iTbWzfg,Quorum,Y los estudiantes de la usac que han echo?,y los estudiantes de la usac que han echo,estudiante usac echar,3,1,0,0,0,0,0,channel,@quorumgt/videos,hace 1 año
UgxvmbFNm6tYRX6yfLN4AaABAg,n8iP75gIpmw,UCz3gu01bmjNv0DpRq-K3XYg,@eusebiovasquez4385,eusebiovasquez4385,UCE4rsXcgDb6e1-a9iTbWzfg,Quorum,Pero que trabajo ase este delincuente si sólo robar,pero que trabajo ase este delincuente si sólo robar,trabajo asar delincuente robar,4,1,0,0,0,0,0,channel,@quorumgt/videos,hace 2 años
Ugxvt0tvqY4UlDS2hoh4AaABAg,j43HgwYFKfk,UCuXmOjxC-htcprLgeVXz6Tg,@jorgeaguilar-bq3uj,jorgeaguilar-bq3uj,UCE4rsXcgDb6e1-a9iTbWzfg,Quorum,"FUERA MAZARIEGOS DE LA USAC, TÍTERE DEL PACTO DE CORRUPTOS!!!
Guatemala necesita que CICIG vuelva y reinicie la lucha anti corrupción, el pacto de corruptos encabezado por la fundación contra el terrorismo ya tiene cooptadas todas las instituciones de justicia, especialmente el MP. 👍⚖️",fuera mazariegos de la usac títere del pacto de corruptos guatemala necesita que cicig vuelva y reinicie la lucha anti corrupción el pacto de corruptos encabezado por la fundación contra el terrorismo ya tiene cooptadas todas las instituciones de justicia especialmente el mp,mazariego usac titere pacto corrupto guatemala necesitar cicig volver reiniciar lucha anti corrupcion pacto corrupto encabezado fundacion terrorismo cooptar institucion justicia especialmente,22,1,0,0,0,0,1,channel,@quorumgt/videos,hace 1 año
UgxvxNmPMdRuRDptJQN4AaABAg,PjmxCj-a9Hg,UCNIeXbV_mEwpa412h1aqUWw,@juandeleon9060,juandeleon9060,UC-ZtFBHzgkYFh7whZkuR_Ag,Gobierno de la República de Guatemala,Porque. No salen. Acombatir LA seguridad. En las calles. Acombatir LA corruption. Policiacas...,porque no salen acombatir la seguridad en las calles acombatir la corruption policiacas,salir acombatir seguridad calle acombatir corruption policiaco,7,2,0,0,0,0,0,topic,@GobiernodeGuatemala,hace 1 año
Ugxw_1trnd8loD3302V4AaABAg,n8iP75gIpmw,UCySYJU5kUh7X8gVt9la2ISA,@dantesarti4351,dantesarti4351,UCE4rsXcgDb6e1-a9iTbWzfg,Quorum,"Porque no hacen sus reuniones de ''trabajo'' en el comedor de doña Chonita, como dijo giammattei, almuerzos de Q25.00 y pagados con sus sueldos.",porque no hacen sus reuniones de trabajo en el comedor de doña chonita como dijo giammattei almuerzos de q y pagados con sus sueldos,reunion trabajo comedor don chonita giammattei almuerzo pagar sueldo,9,0,0,0,0,0,0,channel,@quorumgt/videos,hace 1 año
UgxxNu7QTJHuAgFaEYN4AaABAg,n8iP75gIpmw,UCHTGCgY2l-DQJIvlA_cpa_Q,@virgiliogarcia3039,virgiliogarcia3039,UCE4rsXcgDb6e1-a9iTbWzfg,Quorum,El pueblo ya estaba trankilo ya que segun decian les habian quitado el almuerzo a esos ladronasos pero me estoy dando cuenta que no el pueblo les estamos pagando un sueldo jugoso y todabia pagando sus comidas que desgracia que hase ese presidente del congreso y el del pais bernardo arebalo engañadores al pueblo que pasa Nery Ramos,el pueblo ya estaba trankilo ya que segun decian les habian quitado el almuerzo a esos ladronasos pero me estoy dando cuenta que no el pueblo les estamos pagando un sueldo jugoso y todabia pagando sus comidas que desgracia que hase ese presidente del congreso y el del pais bernardo arebalo engañadores al pueblo que pasa nery ramos,pueblo trankilo segun decian quitar almuerzo ladron cuenta pueblo pagar sueldo jugoso todabia pagar comida desgracia hase presidente congreso pais bernardo arebalo engañador pueblo pasar nery ramo,27,0,0,0,0,0,0,channel,@quorumgt/videos,hace 2 años
UgxxdDS3FUc53KWN3KF4AaABAg,OkXlHx0hx-8,UCPNXmbOBVeC4HS-xemvcPtQ,@BelkisRodriguezRamirez,belkisrodriguezramirez,UCRwA1NUcUnwsly35ikGhp0A,Noticias Telemundo,"Si alguien viene a mi casa sin invitación yo no lo dejo entrar y si entra a la fuerza se busca un problema,eso pasa con los inmigrantes que entraron ilegalmente.",si alguien viene a mi casa sin invitación yo no lo dejo entrar y si entra a la fuerza se busca un problema eso pasa con los inmigrantes que entraron ilegalmente,venir casa invitacion dejo entrar entrar fuerza busca problema pasar inmigrante entrar ilegalmente,13,2,3,0,0,0,0,topic,guatemala noticias,hace 1 día
Ugxy4k7pO6jFtwyDyFp4AaABAg,n8iP75gIpmw,UCtUR3_CAiE7fCoZHM6cMfyQ,@mdelcid01,mdelcid01,UCE4rsXcgDb6e1-a9iTbWzfg,Quorum,Rodas se le olvida que reciven un jugoso salario por el trabajo que hacen.,rodas se le olvida que reciven un jugoso salario por el trabajo que hacen,roda olvidar reciven jugoso salario trabajo,6,10,0,0,0,0,0,channel,@quorumgt/videos,hace 2 años
Ugxz9vnSvQJNt4YNbYV4AaABAg,WIUZtitfLRw,UCGj2v6Gl5bN8NSrzJMXS-CA,@juliogutierrez492,juliogutierrez492,UCE4rsXcgDb6e1-a9iTbWzfg,Quorum,El respeto paso peatonal no existe en ningún lado y las personas tienen que esquivar a los carros por qué no respetan y las motos se pasan en rojo se lo pasan llevando a uno,el respeto paso peatonal no existe en ningún lado y las personas tienen que esquivar a los carros por qué no respetan y las motos se pasan en rojo se lo pasan llevando a uno,respeto paso peatonal existir ninguno lado persona esquivar carro respetar moto pasar rojo pasar llevar,15,0,0,0,0,0,0,channel,@quorumgt/videos,hace 1 año
UgxzETIqBajjXFTGd_R4AaABAg,yLZS3JiEBg8,UCbrtvygfRT6QXqWDNrOf-cA,@Alejandro00710,alejandro00710,UCE4rsXcgDb6e1-a9iTbWzfg,Quorum,"Y solo con esta información nos damos con la realidad del CACIF y sus intereses, estamos jodidos si no hacemos algo.",y solo con esta información nos damos con la realidad del cacif y sus intereses estamos jodidos si no hacemos algo,informacion realidad cacif interes joder,5,0,0,0,0,0,0,channel,@quorumgt/videos,hace 2 años
UgxzN9_I9vkDCdX_8dN4AaABAg,n8iP75gIpmw,UCOh6DaZC_x9HASnlRylEMfw,@AndresMedina-v1s,andresmedina-v1s,UCE4rsXcgDb6e1-a9iTbWzfg,Quorum,Si se reformarla ley de partidos políticos esos infelices jamás en la historia pondrian un pie En el congreso y muy probablemente terminarían en la carcel,si se reformarla ley de partidos políticos esos infelices jamás en la historia pondrian un pie en el congreso y muy probablemente terminarían en la carcel,reformar ley partido politico infeliz jamas historia pondriar pie congreso probablemente terminar carcel,13,0,0,0,0,0,0,channel,@quorumgt/videos,hace 2 años
Ugy0LbKWrqUFhWPRoKN4AaABAg,n8iP75gIpmw,UCL1MT278vSaQ83ZDkVWn1gw,@elmorodriguez6978,elmorodriguez6978,UCE4rsXcgDb6e1-a9iTbWzfg,Quorum,"Que estos diputados no se rían y burlen del pueblo desnutrido y muriéndose de hambre. Llegará el momento y no será muy tarde para nosotros que los pusimos los tengamos que sacar de su caja de oro y cuando el pueblo se levante y los saque de su chiquero van a arrepentirse de lo mal de sus acciones. Así será para los miembros de la CC,MP,CONGRESO,CSJ,OJ y otros que han apañado las burlas al pueblo. 48 cantones también vendrán a salvar al pueblo. Estamos artos de tanta corrupción.",que estos diputados no se rían y burlen del pueblo desnutrido y muriéndose de hambre llegará el momento y no será muy tarde para nosotros que los pusimos los tengamos que sacar de su caja de oro y cuando el pueblo se levante y los saque de su chiquero van a arrepentirse de lo mal de sus acciones así será para los miembros de la cc mp congreso csj oj y otros que han apañado las burlas al pueblo cantones también vendrán a salvar al pueblo estamos artos de tanta corrupción,diputado reir burlar pueblo desnutrir morir hambre llegar momento tarde sacar caja oro pueblo levante saque chiquero arrepentirse accion miembro congreso csj apañar burla pueblo cantonar venir salvar pueblo artos corrupcion,31,20,0,0,0,0,0,channel,@quorumgt/videos,hace 2 años
Ugy0LbKWrqUFhWPRoKN4AaABAg.A7epXgDRFjZA7f-Z-rKQOV,n8iP75gIpmw,UC8G5cJONY8L9voMyBW8Eoug,@luisparedes-pw6qt,luisparedes-pw6qt,UCE4rsXcgDb6e1-a9iTbWzfg,Quorum,Ni en su casa habían comido esas viandas. Son unos sinverguenzas,ni en su casa habían comido esas viandas son unos sinverguenzas,casa comer vianda sinverguenzas,4,0,0,0,0,0,0,channel,@quorumgt/videos,hace 2 años
Ugy0dVAcWghuyCdAVS54AaABAg,n8iP75gIpmw,UC7VUuJr9cGh845CmTvf7TlQ,@LuisCastillo-oz4df,luiscastillo-oz4df,UCE4rsXcgDb6e1-a9iTbWzfg,Quorum,Está bien que se Arten asta ya no y los más pobres  muriendo de hambre pero si dices comes fuera de la hora es tu problema para que la  huesiaste pues,está bien que se arten asta ya no y los más pobres muriendo de hambre pero si dices comes fuera de la hora es tu problema para que la huesiaste pues,arten asta pobre morir hambre comer hora problema huesiar pues,10,1,0,0,0,0,0,channel,@quorumgt/videos,hace 2 años
Ugy1neHHTJYO0umhgLt4AaABAg,n8iP75gIpmw,UCFhxtoeARHPnXXPcDrOU3Xg,@diegoalejandrolopezmendez205,diegoalejandrolopezmendez205,UCE4rsXcgDb6e1-a9iTbWzfg,Quorum,"Yo trabajé en joya negra 
Sandra jovel también llega mucho 
Y el profe Luis Fernando tena",yo trabajé en joya negra sandra jovel también llega mucho y el profe luis fernando tena,trabajar joya negro sandra jovel llegar profe luis fernando tena,10,2,0,0,0,0,0,channel,@quorumgt/videos,hace 2 años
Ugy2FaeBadbmVJj7F714AaABAg,n8iP75gIpmw,UCAlzM_N6xBlMYmM8EBzX86Q,@carlossoto3252,carlossoto3252,UCE4rsXcgDb6e1-a9iTbWzfg,Quorum,"😂Que disculpe el diputado Rodas. Cuando uno decide trabajar o ser trabajador del Estado y ser un funcionario de ese nivel no hay horarios. Si no le gusta y no está contento que renuncié. Los diputados son unos abusivos y son mediocres. Tantos asesores, para que? Lo que dice éste diputado es estúpido. Su trabajo  debe ser para el pueblo. Y comparto la investigación respecto a esto. Estos diputados cómo corderitos asistieron a la orden de la Fiscal del MP.",que disculpe el diputado rodas cuando uno decide trabajar o ser trabajador del estado y ser un funcionario de ese nivel no hay horarios si no le gusta y no está contento que renuncié los diputados son unos abusivos y son mediocres tantos asesores para que lo que dice éste diputado es estúpido su trabajo debe ser para el pueblo y comparto la investigación respecto a esto estos diputados cómo corderitos asistieron a la orden de la fiscal del mp,disculpar diputado roda decidir trabajar trabajador funcionario nivel horario gustar contento renunciar diputado abusivo mediocre asesor diputado estupido trabajo pueblo compartir investigacion respecto diputado corderito asistir orden fiscal,28,3,0,0,0,0,1,channel,@quorumgt/videos,hace 2 años
Ugy4JA9MR8l_gkTNgWh4AaABAg,j43HgwYFKfk,UClqA491Xa5fQcXcJJa-vTWw,@AndresLemus-k2d,andreslemus-k2d,UCE4rsXcgDb6e1-a9iTbWzfg,Quorum,"Ya saquen A Ese corrupto 
Y Es un montón de políticos corruptos que 
Andan allí en todas las instituciones 
Montón de corruptos",ya saquen a ese corrupto y es un montón de políticos corruptos que andan allí en todas las instituciones montón de corruptos,sacar corrupto monton politico corrupto andar alli institucion monton corrupto,10,0,0,0,0,0,0,topic,@quorumgt,hace 4 meses
Ugy4ex02KEXL5UFGjw14AaABAg,n8iP75gIpmw,UCHTGCgY2l-DQJIvlA_cpa_Q,@virgiliogarcia3039,virgiliogarcia3039,UCE4rsXcgDb6e1-a9iTbWzfg,Quorum,Que trabajo hasen esos corruptos,que trabajo hasen esos corruptos,trabajo hasen corrupto,3,13,0,0,0,0,0,channel,@quorumgt/videos,hace 2 años
Ugy4utoHlyokVSeSi5h4AaABAg,n8iP75gIpmw,UC3XTwHxygNCgjndsg-UiCQA,@marioajset4283,marioajset4283,UCE4rsXcgDb6e1-a9iTbWzfg,Quorum,los niños guatemaltecos con Desnutrición crónica serán sus verdugos.,los niños guatemaltecos con desnutrición crónica serán sus verdugos,niño guatemalteco desnutricion cronica verdugo,5,0,0,0,0,0,0,channel,@quorumgt/videos,hace 2 años
Ugy4x4u9e1_xRoppaMF4AaABAg,6W4u8sGEnGM,UCvDwJBBY1mHK70aTEYl6rsA,@cristianescobedo8296,cristianescobedo8296,UC-ZtFBHzgkYFh7whZkuR_Ag,Gobierno de la República de Guatemala,"se espera que la obra se finalice en plazo de acuerdo a la programación del proyecto, de acuerdo a normas internacionales de construcción, que la contraloría audite  mes a mes y sobre todo que el proyecto no sea sobrevalorado o que tenga costos adicionales a lo ya pactado.",se espera que la obra se finalice en plazo de acuerdo a la programación del proyecto de acuerdo a normas internacionales de construcción que la contraloría audite mes a mes y sobre todo que el proyecto no sea sobrevalorado o que tenga costos adicionales a lo ya pactado,espera obra finalizar plazo acuerdo programacion proyecto acuerdo norma internacional construccion contralor auditar mes mes proyecto sobrevalorar costo adicional pactar,20,1,0,0,0,0,0,topic,Gobierno de la República de Guatemala,hace 6 días
Ugy5j8gzaawBk-mw5et4AaABAg,n8iP75gIpmw,UCkd9W714-947dEE6ZOEBATA,@ARGELIATELON,argeliatelon,UCE4rsXcgDb6e1-a9iTbWzfg,Quorum,Me pregunto si antes de ser diputados les alcanzaba su dinero para comer esos almuercitos y en esos lugares? Pero como don pueblo paga....vengase el almuercito. La historia ni él se la cree. O sea.... la 3a. parte de su salario para un almuerzo???,me pregunto si antes de ser diputados les alcanzaba su dinero para comer esos almuercitos y en esos lugares pero como don pueblo paga vengase el almuercito la historia ni él se la cree o sea la a parte de su salario para un almuerzo,preguntar diputado alcanzar dinero comer almuercitos lugar don pueblo paga vengar almuercito historia creer parte salario almuerzo,17,3,0,0,0,0,0,channel,@quorumgt/videos,hace 2 años (editado)
Ugy5lmf3RzzeJDUeqQd4AaABAg,ndAZjHqzzT8,UCbrtvygfRT6QXqWDNrOf-cA,@Alejandro00710,alejandro00710,UCE4rsXcgDb6e1-a9iTbWzfg,Quorum,"Eso sin mencionar el costo de sus servicios, la mala calidad del mismo, mientras no haya una ley de competencia nos van a seguir jodiendo, urge.",eso sin mencionar el costo de sus servicios la mala calidad del mismo mientras no haya una ley de competencia nos van a seguir jodiendo urge,mencionar costo servicio calidad mismo mientras ley competencia seguir joder urgir,11,0,0,0,0,0,0,channel,@quorumgt/videos,hace 2 años
Ugy6Qii72nfxIpYyuCR4AaABAg,6W4u8sGEnGM,UCV3fr-YOixFKCZBbJP1-X4w,@albertoshernandez5251,albertoshernandez5251,UC-ZtFBHzgkYFh7whZkuR_Ag,Gobierno de la República de Guatemala,TODO EL APOYO PARA EL PRESIDENTE BERNARDO AREVALO 👍🇬🇹👍,todo el apoyo para el presidente bernardo arevalo,apoyo presidente bernardo arevalo,4,5,0,0,0,0,1,topic,Gobierno de la República de Guatemala,hace 6 días
Ugy6isIL3n6cvYbJG-94AaABAg,JkpVO1hx2f8,UCWWkebAekppaL5b5CNlppuw,@ninettmartinez425,ninettmartinez425,UCE4rsXcgDb6e1-a9iTbWzfg,Quorum,Yo vi en  Semilla y Bernardo Arévalo  una oportunidad para que Guatemala saliera de la corrupción.,yo vi en semilla y bernardo arévalo una oportunidad para que guatemala saliera de la corrupción,semilla bernardo arevalo oportunidad guatemala salir corrupcion,7,3,0,0,0,0,0,channel,@quorumgt/videos,hace 1 año
Ugy6y6DL1AgyNzNpfMZ4AaABAg,n8iP75gIpmw,UCjmPuazZJzscrwvk0QR9RVw,@mynorrodas8591,mynorrodas8591,UCE4rsXcgDb6e1-a9iTbWzfg,Quorum,"😢que desgraciados estos sinvergüenzas porque no piden un almuerzo de Q30.00 no que  almuerzos  de millonarios  con la plata  del pueblo , si les gusta lo bueno que lo paguen con su dinero",que desgraciados estos sinvergüenzas porque no piden un almuerzo de q no que almuerzos de millonarios con la plata del pueblo si les gusta lo bueno que lo paguen con su dinero,desgraciado sinverguenza pedir almuerzo almuerzo millonario plata pueblo gustar bueno pagar dinero,12,2,0,0,0,0,1,channel,@quorumgt/videos,hace 2 años
Ugy7-QbaMzLjAO_vJMB4AaABAg,n8iP75gIpmw,UCipetjeiWj4CZB6EbyYziZg,@OseasSamayoa-ol5rz,oseassamayoa-ol5rz,UCE4rsXcgDb6e1-a9iTbWzfg,Quorum,Que paguen de su sueldo sus alimentos si el pueblo de la miseria que  las empresas nos pagan lo pagamos,que paguen de su sueldo sus alimentos si el pueblo de la miseria que las empresas nos pagan lo pagamos,pagar sueldo alimento pueblo miseria empresa pagar pagar,8,0,0,0,0,0,0,channel,@quorumgt/videos,hace 2 años
Ugy7Dk5SDB_d3RFlHU94AaABAg,n8iP75gIpmw,UCh5ESQvtzyHDhCA7XyekCFA,@andyB5280,andyb5280,UCE4rsXcgDb6e1-a9iTbWzfg,Quorum,No quiere hablar de sus almuerzos se molesta . No le creo . que,no quiere hablar de sus almuerzos se molesta no le creo que,hablar almuerzo molestar creer,4,1,0,0,0,0,0,channel,@quorumgt/videos,hace 2 años
Ugy7b0JTkHodE4sTU_54AaABAg,WIUZtitfLRw,UCZIQnb1fkwe39Iw2TAu-bGA,@jorgegomez2237,jorgegomez2237,UCE4rsXcgDb6e1-a9iTbWzfg,Quorum,"Como dijo pia, casi no existen banquetas, solo hay un pedazo donde se puede medio caminar... Y aun quiere que le demos gracias... #IneptoBran",como dijo pia casi no existen banquetas solo hay un pedazo donde se puede medio caminar y aun quiere que le demos gracias inepto bran,piar casi existir banqueta pedazo medio caminar aun demo inepto bran,11,1,0,0,1,0,0,channel,@quorumgt/videos,hace 1 año
Ugy8csktFvR0eUZN4cp4AaABAg,n8iP75gIpmw,UCTP3O0rMnc8z8v8jaDQwL0w,@RobertoZelaya-x1v,robertozelaya-x1v,UCE4rsXcgDb6e1-a9iTbWzfg,Quorum,Señor Nery Ramos una empresa trabaja con capital propio con dinero del dueño de la empresa que le costado ganarcelo  usted  con el dinero del pueblo o cree que el estado es su empresa trabaje esfuersece  trabajen para tener una empresa no se coman lo del pueblo,señor nery ramos una empresa trabaja con capital propio con dinero del dueño de la empresa que le costado ganarcelo usted con el dinero del pueblo o cree que el estado es su empresa trabaje esfuersece trabajen para tener una empresa no se coman lo del pueblo,nery ramo empresa trabajar capital propio dinero dueño empresa costado ganarcelo dinero pueblo creer empresa trabajar esfuersece trabajar empresa comer pueblo,21,1,0,0,0,0,0,channel,@quorumgt/videos,hace 2 años
UgyAcWsNSqIPesdI3nF4AaABAg,n8iP75gIpmw,UCsUCN0Yq_UyTvKjOJLmNrnQ,@moisesvaldez4043,moisesvaldez4043,UCE4rsXcgDb6e1-a9iTbWzfg,Quorum,"para los Guatemaltecos mejor si no hacen nada, poque cuando los hacen es en contra del pueblo Guatemlateco",para los guatemaltecos mejor si no hacen nada poque cuando los hacen es en contra del pueblo guatemlateco,guatemalteco mejor poque pueblo guatemlateco,5,0,0,0,0,0,0,channel,@quorumgt/videos,hace 2 años
UgyB52GZe4-PXJ2TqYB4AaABAg,j43HgwYFKfk,UC3UVO7pTbeYvZ3ILEyRDskQ,@rosaelenaargueta79,rosaelenaargueta79,UCE4rsXcgDb6e1-a9iTbWzfg,Quorum,Así debe informarse al pueblo sobre esta red de mafiosos!,así debe informarse al pueblo sobre esta red de mafiosos,informarse pueblo red mafioso,4,1,0,0,0,0,0,topic,@quorumgt,hace 1 año
UgyBhR2qUXgMe2NJjRN4AaABAg,PjmxCj-a9Hg,UCuP4UK33HKtJE_S39ksmaTw,@herbertaguilar1387,herbertaguilar1387,UC-ZtFBHzgkYFh7whZkuR_Ag,Gobierno de la República de Guatemala,Con la corrupcion y narco gobierno de Morena en Mexico  Arevalo no deberia de hacer asociacion alguna . El pueblo de Mexico esta sufriendo .,con la corrupcion y narco gobierno de morena en mexico arevalo no deberia de hacer asociacion alguna el pueblo de mexico esta sufriendo,corrupcion narco gobierno morena mexico arevalo deberia asociacion alguno pueblo mexico sufrir,12,0,0,0,0,0,0,topic,@GobiernodeGuatemala,hace 1 año
UgyC45vItnUiq1QrUtd4AaABAg,PjmxCj-a9Hg,UClsrFGJKWPxxw7MiaEdKLXw,@ericapaz5406,ericapaz5406,UC-ZtFBHzgkYFh7whZkuR_Ag,Gobierno de la República de Guatemala,Señor presidente? Enfóquese  en el crimen que está destrozado al país y también al turismo aga uso de su poder para implementar leyes que combatan el crimen en general por favor  mire a su país vecino como un joven si pudo terminar con el crimen.,señor presidente enfóquese en el crimen que está destrozado al país y también al turismo aga uso de su poder para implementar leyes que combatan el crimen en general por favor mire a su país vecino como un joven si pudo terminar con el crimen,presidente enfoque crimen destrozar pais turismo aga uso implementar ley combatir crimen general mirar pais vecino joven terminar crimen,19,3,2,0,0,0,0,topic,@GobiernodeGuatemala,hace 1 año
UgyC45vItnUiq1QrUtd4AaABAg.ALgn-KZ7p47ALgvLAMzZ1A,PjmxCj-a9Hg,UCg3eIfd7BrsLEqS0BLkftHA,@ErmePérez-q4s,ermep%c3%a9rez-q4s,UC-ZtFBHzgkYFh7whZkuR_Ag,Gobierno de la República de Guatemala,Ni te equivoques ni a terminado siguen siendo Salvatruchas y mareros.,ni te equivoques ni a terminado siguen siendo salvatruchas y mareros,equivocar terminar seguir salvatrucha marero,5,0,0,0,0,0,0,topic,@GobiernodeGuatemala,hace 1 año
UgyC45vItnUiq1QrUtd4AaABAg.ALgn-KZ7p47ALgwtbYMM1u,PjmxCj-a9Hg,UCg3eIfd7BrsLEqS0BLkftHA,@ErmePérez-q4s,ermep%c3%a9rez-q4s,UC-ZtFBHzgkYFh7whZkuR_Ag,Gobierno de la República de Guatemala,"Y los  que fueron hacer los pandilleros del salvador en antigua que, siguen haviendo maras en el salvador y eso es un país de maras",y los que fueron hacer los pandilleros del salvador en antigua que siguen haviendo maras en el salvador y eso es un país de maras,pandillero salvador antiguo seguir haviendo maras salvador pais maras,9,0,0,0,0,0,0,topic,@GobiernodeGuatemala,hace 1 año
UgyC45vItnUiq1QrUtd4AaABAg.ALgn-KZ7p47ALgx6SmnMen,PjmxCj-a9Hg,UCg3eIfd7BrsLEqS0BLkftHA,@ErmePérez-q4s,ermep%c3%a9rez-q4s,UC-ZtFBHzgkYFh7whZkuR_Ag,Gobierno de la República de Guatemala,Y todo los que tienen tatuajes del salvador son pandilleros eso su dictador lo dijo. Así que no te venden humo 💨 todo lo que dicen del salvador.,y todo los que tienen tatuajes del salvador son pandilleros eso su dictador lo dijo así que no te venden humo todo lo que dicen del salvador,tatuaje salvador pandillero dictador vender humo salvador,7,0,0,0,0,0,1,topic,@GobiernodeGuatemala,hace 1 año
UgyC9HUMcvW-e_nFJK14AaABAg,06mFNPU0aB8,UCAxvOOHQk7dYPOajzFEVtbA,@ruddydepaz322,ruddydepaz322,UCVpSRoZgngfSL03Nlbjtq9A,Noti7,Así metan los al tambo con minifaldas allí no les ba a faltar la moronga.,así metan los al tambo con minifaldas allí no les ba a faltar la moronga,meter tambo minifalda alli faltar moronga,6,0,0,0,0,0,0,topic,guatemala noticias,hace 2 semanas
UgyCFEFtEmhDbi91yCF4AaABAg,06mFNPU0aB8,UCq3mDTTRZnUybct5M9OSXbg,@MacoMorales-i2i2d,macomorales-i2i2d,UCVpSRoZgngfSL03Nlbjtq9A,Noti7,Destreza dise😅,destreza dise,destreza dise,2,1,0,0,0,0,1,topic,guatemala noticias,hace 2 semanas
UgyCoulSuwV8jBnjbtN4AaABAg,n8iP75gIpmw,UCGzXwyCzMzGmjmCbH3Hg01Q,@FidelZacarias-ph7dy,fidelzacarias-ph7dy,UCE4rsXcgDb6e1-a9iTbWzfg,Quorum,Ése señor entrevistador pertenece al PACTO DE CORRUPTOS....ATACA LA TRANSPARENCIA Y DEFIENDE A LOS CORRUPTOS.,ése señor entrevistador pertenece al pacto de corruptos ataca la transparencia y defiende a los corruptos,entrevistador pertenecer pacto corrupto atacar transparencia defender corrupto,8,2,0,0,0,0,0,channel,@quorumgt/videos,hace 2 años
UgyD5CIXnbXNiM-a4VF4AaABAg,6W4u8sGEnGM,UC0HvfEWozTHbwl_iEmJNvVA,@OttoPalencia-b7r,ottopalencia-b7r,UC-ZtFBHzgkYFh7whZkuR_Ag,Gobierno de la República de Guatemala,Si el presidente ha sido un buen presidente pues hay que botar por el hay muchos que han hablado mal de él pero ellos no hacen nada por gustemala,si el presidente ha sido un buen presidente pues hay que botar por el hay muchos que han hablado mal de él pero ellos no hacen nada por gustemala,presidente buen presidente pues botar hablar gustemal,7,3,0,0,0,0,0,topic,Gobierno de la República de Guatemala,hace 5 días
UgyE6hk1g9jR7zB67lV4AaABAg,6W4u8sGEnGM,UC14qlobYKqD-DO0j6b75lcA,@megavision4488,megavision4488,UC-ZtFBHzgkYFh7whZkuR_Ag,Gobierno de la República de Guatemala,seria bueno tambien hecharle mano a la ejecucion del puente  del rio la pasion que todoavia se esta utilizando ferry hay que hacer un puente rapido.,seria bueno tambien hecharle mano a la ejecucion del puente del rio la pasion que todoavia se esta utilizando ferry hay que hacer un puente rapido,bueno hecharle mano ejecucion puente reir pasion todoavia utilizar ferry puente rapido,12,0,0,0,0,0,0,topic,Gobierno de la República de Guatemala,hace 3 días
UgyEM7_iOGkWV0SbNuB4AaABAg,n8iP75gIpmw,UCiGRBf2RNF0WRKhRVT7zFoA,@edwinavila4876,edwinavila4876,UCE4rsXcgDb6e1-a9iTbWzfg,Quorum,"Lamentablemente en nuestro país sigue la misma sinverguenzada. Este diputado quiere tapar el sol con un dedo. Qué pasaría si un profesor quisiera que le pagaran su comida aparte de su sueldo porque le está enseñando a
 dibujar a un niño.",lamentablemente en nuestro país sigue la misma sinverguenzada este diputado quiere tapar el sol con un dedo qué pasaría si un profesor quisiera que le pagaran su comida aparte de su sueldo porque le está enseñando a dibujar a un niño,lamentablemente pais seguir mismo sinverguenzada diputado tapar sol dedo pasar profesor pagar comida aparte sueldo enseñar dibujar niño,18,0,0,0,0,0,0,channel,@quorumgt/videos,hace 2 años
UgyFSrjeDvPsB0fKUdp4AaABAg,6W4u8sGEnGM,UCa36MjQLoPAmgJo-R3G8WQA,@elsasalguero6914,elsasalguero6914,UC-ZtFBHzgkYFh7whZkuR_Ag,Gobierno de la República de Guatemala,Que Dios bendiga al gobierno de Guatemala,que dios bendiga al gobierno de guatemala,dios bendecir gobierno guatemala,4,3,0,0,0,0,0,topic,Gobierno de la República de Guatemala,hace 6 días
UgyHHYcKhbzXr6xEjth4AaABAg,06mFNPU0aB8,UCjZgFEowMBrsjodqfovzdKw,@franciscoflores3120,franciscoflores3120,UCVpSRoZgngfSL03Nlbjtq9A,Noti7,Ay que  usarlos  como  mujeres,ay que usarlos como mujeres,usar mujer,2,0,0,0,0,0,0,topic,guatemala noticias,hace 2 semanas
UgyHIuxG8A2lYDRB6vh4AaABAg,6W4u8sGEnGM,UC3YpzAr7pcdKC7BVFEpYzog,@carmenfigueroa1232,carmenfigueroa1232,UC-ZtFBHzgkYFh7whZkuR_Ag,Gobierno de la República de Guatemala,"Pues como no si a Guatemala desbancaron lo anteriores presidentes han barrido con todo 
Primero Dios puedan terminar este proyecto antes que entre otr@ ladron y después busquen culpables",pues como no si a guatemala desbancaron lo anteriores presidentes han barrido con todo primero dios puedan terminar este proyecto antes que entre otr ladron y después busquen culpables,pues guatemala desbancar anterior presidente barrido primero dios terminar proyecto otr ladron despues buscar culpable,15,4,1,0,0,0,0,topic,Gobierno de la República de Guatemala,hace 6 días (editado)
UgyHIuxG8A2lYDRB6vh4AaABAg.A_zEyCTHfWFA_zWovudn2B,6W4u8sGEnGM,UCyJhqmMbsvjpoarBBStA2kg,@Murmullodelbarrio,murmullodelbarrio,UC-ZtFBHzgkYFh7whZkuR_Ag,Gobierno de la República de Guatemala,"Por eso mismo
No permítanos otro partido corrupto de los mismos de antes para salvar todo lo que hoy estamos mirando",por eso mismo no permítanos otro partido corrupto de los mismos de antes para salvar todo lo que hoy estamos mirando,mismo permitir partido corrupto mismo salvar hoy mirar,8,1,0,0,0,0,0,topic,Gobierno de la República de Guatemala,hace 6 días
UgyHcSyWHx2SKCg6db14AaABAg,j43HgwYFKfk,UCQqlPPUGqAfWjd-FSh_qn7Q,@estuardoargueta137,estuardoargueta137,UCE4rsXcgDb6e1-a9iTbWzfg,Quorum,"Esa universidad se debe privatizar, es la universidad mas cara de Guatemala por estudiante egresado, es una carga tributaria innecesaria.",esa universidad se debe privatizar es la universidad mas cara de guatemala por estudiante egresado es una carga tributaria innecesaria,universidad privatizar universidad cara guatemala estudiante egresar carga tributario innecesario,10,0,0,0,0,0,0,channel,@quorumgt/videos,hace 1 año
UgyIX1zx3bbc9DsK8VR4AaABAg,n8iP75gIpmw,UC8r11yOugM2NuRfitQOxLLg,@cesaraugustomoralesmonroy6907,cesaraugustomoralesmonroy6907,UCE4rsXcgDb6e1-a9iTbWzfg,Quorum,"Qué tristeza que extranjeros que vinieron como policías a una institución internacional impuesta por la ""comunidad internacional"" supuestamente para combatir la impunidad, se hayan quedado como ""analistas"" y periodistas en Guatemala, comentando temas nacionales. Es la nueva conquista.",qué tristeza que extranjeros que vinieron como policías a una institución internacional impuesta por la comunidad internacional supuestamente para combatir la impunidad se hayan quedado como analistas y periodistas en guatemala comentando temas nacionales es la nueva conquista,tristeza extranjero venir policia institucion internacional imponer comunidad internacional supuestamente combatir impunidad quedar analista periodista guatemala comentar tema nacional nuevo conquista,21,1,0,0,0,0,0,channel,@quorumgt/videos,hace 2 años
UgyIfQ-oDt0uVFZIq9d4AaABAg,PjmxCj-a9Hg,UCusjriFsDHEc2AOjqk-p5ig,@pablobarrios7931,pablobarrios7931,UC-ZtFBHzgkYFh7whZkuR_Ag,Gobierno de la República de Guatemala,"Guate tambien tiene gobierno PROGRE, LOS Y LAS DIPUTADAS,  JAJAJA
CIUDADANOS Y CIUDADANAS JAJAJA
CHIQUILLOS Y CHIQUILLOS JAJAJA
Los gobiernos PROGRES son los que estan llevando  a la ruina auchoa paises,  principalmente en occidente.  
Estos PROGRESS que se pongan a trabajar de manera mas activa por el Pais y no solo bla bla bla.   Se nesesita tomar.accion YA y no bla bla bla.",guate tambien tiene gobierno progre los y las diputadas jajaja ciudadanos y ciudadanas jajaja chiquillos y chiquillos jajaja los gobiernos progres son los que estan llevando a la ruina auchoa paises principalmente en occidente estos progress que se pongan a trabajar de manera mas activa por el pais y no solo bla bla bla se nesesita tomar accion ya y no bla bla bla,guate gobierno progre diputado ciudadano ciudadano chiquillo chiquillo gobierno progre llevar ruina auchoa paises principalmente occidente progress trabajar manera activo pais bla bla bla nesesita tomar accion bla bla bla,30,2,0,0,0,0,0,topic,@GobiernodeGuatemala,hace 1 año
UgyIteBIiYe7DjUN3554AaABAg,ndAZjHqzzT8,UCVC2QugcI1G4RvlCiUqd1aQ,@rwdm76,rwdm76,UCE4rsXcgDb6e1-a9iTbWzfg,Quorum,EXCELENTE,excelente,excelente,1,0,0,0,0,0,0,channel,@quorumgt/videos,hace 11 meses
UgyJ7QRY-X3DsJC-t-p4AaABAg,lj983NWyAQY,UC5fvhAfm89JH8eDFdvc0xYw,@isaidiaz2388,isaidiaz2388,UCXa6LVjBzUtmcM3cwbd9e2w,Municipalidad de Guatemala,Guate es Classic 👍💯,guate es classic,guate classic,2,0,0,0,0,0,1,topic,Municipalidad de Guatemala,hace 5 años
UgyJnStLEHxVNbAfd0p4AaABAg,PjmxCj-a9Hg,UCAV7QIjYhbDJaycQycM_0eQ,@mariavail8998,mariavail8998,UC-ZtFBHzgkYFh7whZkuR_Ag,Gobierno de la República de Guatemala,No dejen que nuestros hermanos Guatemalatecos qué esten encerrados en esse lugar pir favor 🙏 Autoridades sun  nuestros prójimos gracias señores 🙏 🙌 👏,no dejen que nuestros hermanos guatemalatecos qué esten encerrados en esse lugar pir favor autoridades sun nuestros prójimos gracias señores,dejar hermano guatemalateco encerrar esse lugar pir autoridad sun projimo,10,3,0,0,0,0,4,topic,@GobiernodeGuatemala,hace 1 año
UgyMRj1sNq6Xkrqepst4AaABAg,n8iP75gIpmw,UC3E9mAgP7VoAE5mZoAexl5g,@EnnioAroche,ennioaroche,UCE4rsXcgDb6e1-a9iTbWzfg,Quorum,"Son realmente estos diputados unos aprovechados, mientras los jubilados del igss  ,algunos reciben 300.00 quetzales al mes y no los an apoyado.",son realmente estos diputados unos aprovechados mientras los jubilados del igss algunos reciben quetzales al mes y no los an apoyado,realmente diputado aprovechar mientras jubilado igss recibir quetzal mes apoyar,10,0,0,0,0,0,0,channel,@quorumgt/videos,hace 1 año
UgyN-BmjI1Qyr5moi-x4AaABAg,n8iP75gIpmw,UCB5p8a5gklc80jJItP6xTHg,@ernestogamboa8737,ernestogamboa8737,UCE4rsXcgDb6e1-a9iTbWzfg,Quorum,"Aunqué contradiga, ellos están acostumbrados a hacer esto, comiendo a costillas del pueblo,",aunqué contradiga ellos están acostumbrados a hacer esto comiendo a costillas del pueblo,aunque contradecir acostumbrar comer costilla pueblo,6,6,0,0,0,0,0,channel,@quorumgt/videos,hace 2 años
UgyNuIQ1W1M3g8ut6314AaABAg,6W4u8sGEnGM,UC1NiEdJ7gk6FlDexIalWnGg,@BorisTebalán,boristebal%c3%a1n,UC-ZtFBHzgkYFh7whZkuR_Ag,Gobierno de la República de Guatemala,"Las verdad si ya es un hecho si el presidente se merece mucho respeto porque está haciendo en tristes 4 años ese proyecto.
MIENTRAS LOS CORRUPTOS HDP SOLO SE HAN HUEVIADO LAS MILLONADAS DE DINERO EN MAS DE 60 AÑOS NO HICIERON
 NI PURA MIERDA. 😡
Pero la gente burra aun así pienso que vamos a regresar con los corruptos hdpm a ser gobernados. 
ESPERO EQUIVOCARME",las verdad si ya es un hecho si el presidente se merece mucho respeto porque está haciendo en tristes años ese proyecto mientras los corruptos hdp solo se han hueviado las millonadas de dinero en mas de años no hicieron ni pura mierda pero la gente burra aun así pienso que vamos a regresar con los corruptos hdpm a ser gobernados espero equivocarme,verdad hecho presidente merecer respeto triste proyecto mientras corrupto hdp hueviado millonada dinero puro mierda burro aun pensar regresar corrupto hdpm gobernar esperar equivocar,24,0,0,0,0,0,1,topic,Gobierno de la República de Guatemala,hace 5 días
UgyOyo4VyMiMOhqOkGd4AaABAg,yLZS3JiEBg8,UCdQAuWwyC99MB7Y02Umj26Q,@miguelbran1268,miguelbran1268,UCE4rsXcgDb6e1-a9iTbWzfg,Quorum,"Y todo se resume en la letra pequeña, suena bonito pero no es así de fácil, vos crees realmente que Dionisio va a estar de acuerdo con dejar que otros vendan pollo y huevos, lo siento mucho pero tenes que detallar más en la letra pequeña.
Dionisio nunca va a dejar que eso pase, y si el está de acuerdo entonces perdemos los consumidores. El león no es como lo pintan.",y todo se resume en la letra pequeña suena bonito pero no es así de fácil vos crees realmente que dionisio va a estar de acuerdo con dejar que otros vendan pollo y huevos lo siento mucho pero tenes que detallar más en la letra pequeña dionisio nunca va a dejar que eso pase y si el está de acuerdo entonces perdemos los consumidores el león no es como lo pintan,resumir letra pequeño sonar bonito facil vos creer realmente dionisio acuerdo dejar vendar pollo huevo sentir detallar letra pequeño dionisio nunca dejar pase acuerdo entonces perder consumidor leon pintar,29,0,0,0,0,0,0,channel,@quorumgt/videos,hace 2 años
UgyPm-2rnRLPav43Bt14AaABAg,TT4qJ5FXHYE,UCtowGNY2lnlg6O2CkwDgkLg,@taniagabrielacelis8434,taniagabrielacelis8434,UCE4rsXcgDb6e1-a9iTbWzfg,Quorum,"¡Aplaudo y celebro su iniciativa! Desde Puebla, me enorgullece conocer un grupo femenino de Ulama 😊❤️.",aplaudo y celebro su iniciativa desde puebla me enorgullece conocer un grupo femenino de ulama,aplaudir celebrar iniciativa poblar enorgullecer conocer grupo femenino ulama,9,2,0,0,0,0,1,channel,@quorumgt/videos,hace 3 años
UgyQQbXS_Q_JYcSefap4AaABAg,OkXlHx0hx-8,UCp_dAUfv8i3LW3zWc24dLaQ,@MarioCortez-o6v,mariocortez-o6v,UCRwA1NUcUnwsly35ikGhp0A,Noticias Telemundo,Regresaron sin nada 😂😂,regresaron sin nada,regresar,1,1,0,0,0,0,1,topic,guatemala noticias,hace 1 día
UgyQxncw9dtHgZFgp014AaABAg,UhL9y3KUl8E,UC_NRVt2UP88ZNTwzrZ66JSg,@aditalissethevasquezrojas8039,aditalissethevasquezrojas8039,UCE4rsXcgDb6e1-a9iTbWzfg,Quorum,"Gracias por este video, que importante conocer este tipo de espacios.",gracias por este video que importante conocer este tipo de espacios,importante conocer tipo espacio,4,2,0,0,0,0,0,channel,@quorumgt/videos,hace 3 años
UgyRmKHMG-ygpot6nY14AaABAg,j43HgwYFKfk,UCylqlpsh8ENNM1LqgQ1KbxA,@Jel.Awesh.M,jel.awesh.m,UCE4rsXcgDb6e1-a9iTbWzfg,Quorum,"Triste la realidad de la USAC, y buen video, ojalá saque más frecuentemente.",triste la realidad de la usac y buen video ojalá saque más frecuentemente,triste realidad usac buen ojala saque frecuentemente,7,1,0,0,0,0,0,topic,@quorumgt,hace 1 año
UgyS31-ujtXB5VmjBRV4AaABAg,j43HgwYFKfk,UCRvPToDkkumha7WJAfCDk1A,@ligiaguerra3057,ligiaguerra3057,UCE4rsXcgDb6e1-a9iTbWzfg,Quorum,Que asco,que asco,asco,1,0,0,0,0,0,0,channel,@quorumgt/videos,hace 1 año
UgySlQlmZmrLAq5JsLx4AaABAg,PjmxCj-a9Hg,UCPZueDLrCS4BmTBRMA4q0fA,@kevinochoa3695,kevinochoa3695,UC-ZtFBHzgkYFh7whZkuR_Ag,Gobierno de la República de Guatemala,"Bienvenido el tren maya 🎉 como hay ineptos que se oponen a esta gran colaboración estamos hablando de desarrollo para nuestra frontera, desarrollo para el país en general acaso no saben cuantos turistas genera al año? imagínense de aquí a 10 años ya con el tren maya y todo nuestro país conectado logísticamente con trenes",bienvenido el tren maya como hay ineptos que se oponen a esta gran colaboración estamos hablando de desarrollo para nuestra frontera desarrollo para el país en general acaso no saben cuantos turistas genera al año imagínense de aquí a años ya con el tren maya y todo nuestro país conectado logísticamente con trenes,bienvenido tren maya inepto oponer gran colaboracion hablar desarrollo frontera desarrollo pais general acaso cuanto turista generar imaginar tren maya pais conectar logisticamente tren,24,1,1,0,0,0,1,topic,@GobiernodeGuatemala,hace 1 año
UgySlQlmZmrLAq5JsLx4AaABAg.ALh5XYlqNufALhOuUP3UYB,PjmxCj-a9Hg,UC7IMsCxfZyWN7YQo8-JYa6Q,@Burgos68,burgos68,UC-ZtFBHzgkYFh7whZkuR_Ag,Gobierno de la República de Guatemala,"Me agrado lo que usted a dicho, es cierto hay muchas personas que no piensan en el desarrollo mutuo y en el lugar de hacer comentarios de felicitaciones al Gobierno por éste desarrollo solidario,  se ponen hablar estupideces.",me agrado lo que usted a dicho es cierto hay muchas personas que no piensan en el desarrollo mutuo y en el lugar de hacer comentarios de felicitaciones al gobierno por éste desarrollo solidario se ponen hablar estupideces,agrado dicho cierto persona pensar desarrollo mutuo lugar felicitacion gobierno desarrollo solidario hablar estupidez,14,0,0,0,0,0,0,topic,@GobiernodeGuatemala,hace 1 año
UgySttznhywvGXZyF-N4AaABAg,lj983NWyAQY,UCHMQ_lDhibZ-XZ_3fo6oxwg,@crislexrubi4387,crislexrubi4387,UCXa6LVjBzUtmcM3cwbd9e2w,Municipalidad de Guatemala,Muy bello Guatemala. Saludos desde Honduras,muy bello guatemala saludos desde honduras,bello guatemala hondura,3,16,0,0,0,0,0,topic,Municipalidad de Guatemala,hace 7 años
UgyVLVHQ4zNBKTTDxtp4AaABAg,n8iP75gIpmw,UCpsKOkt5iWTbenzeuq7dsmQ,@inge_vergueta,inge_vergueta,UCE4rsXcgDb6e1-a9iTbWzfg,Quorum,Que se podía esperar de ese diputado que estuvo con Manuel Baldizon es otro delincuente. La gente tiene que aprender a votar por el congreso también porque solo meten lacras en el congreso 😷😷,que se podía esperar de ese diputado que estuvo con manuel baldizon es otro delincuente la gente tiene que aprender a votar por el congreso también porque solo meten lacras en el congreso,esperar diputado manuel baldizon delincuente aprender votar congreso meter lacra congreso,11,1,0,0,0,0,1,channel,@quorumgt/videos,hace 2 años
UgyWzgDknElvfn9oFJZ4AaABAg,j43HgwYFKfk,UC7dadZG7kkGYnsNu6td0FbA,@lesolorzano,lesolorzano,UCE4rsXcgDb6e1-a9iTbWzfg,Quorum,Nubes negras sobre el CSU. Empieza a oler a democracia.,nubes negras sobre el csu empieza a oler a democracia,nube negro csu empezar oler democracia,6,18,0,0,0,0,0,topic,@quorumgt,hace 1 año
UgyX06qZFc3cNK6223J4AaABAg,n8iP75gIpmw,UCrJn_rbo_ENAdeqneS-RmRw,@josecarrera9623,josecarrera9623,UCE4rsXcgDb6e1-a9iTbWzfg,Quorum,"q mira el presidente Ramos
seguir .anteniendo esos.mantenidos y mucha jente con ambre q yeben su almuerzo d su casa esos simverguenzas y no asen nada bueno por guatemala solo cobrar el finde.mes y comor",q mira el presidente ramos seguir anteniendo esos mantenidos y mucha jente con ambre q yeben su almuerzo d su casa esos simverguenzas y no asen nada bueno por guatemala solo cobrar el finde mes y comor,mira presidente ramo seguir anteniendo mantener jente ambre yeben almuerzo casa simverguenzas asar bueno guatemala cobrar finde mes comor,19,0,0,0,0,0,0,channel,@quorumgt/videos,hace 2 años
UgyXTA5oFwzI70TKCUd4AaABAg,is3Mk5oC19g,UCFFrEmn6lPYiWyElpfzTy5Q,@denilsonlopez4083,denilsonlopez4083,UCt5Dw7ePnn0AqPqRF8Xpjkw,TN23 Guatemala,El humano la misma 💩💩💩,el humano la misma,humano mismo,2,0,0,0,0,0,1,topic,guatemala noticias,hace 21 horas
UgyYPJkzW5rbOUI_vcd4AaABAg,TT4qJ5FXHYE,UCNiMNUJvaRJb0_QLClqwVnA,@Santiago.Nolasco,santiago.nolasco,UCE4rsXcgDb6e1-a9iTbWzfg,Quorum,Excelente iniciativa,excelente iniciativa,excelente iniciativa,2,2,0,0,0,0,0,channel,@quorumgt/videos,hace 3 años
UgyYRHeJlfB9VF69LSp4AaABAg,lj983NWyAQY,UCs_5qeqdku9tGAq22y3OcuQ,@alexandrevasquez4135,alexandrevasquez4135,UCXa6LVjBzUtmcM3cwbd9e2w,Municipalidad de Guatemala,Me da mucha emoción q la ciudad de guatemala va prosperando algún día vamos hacer una de las ciudades mas famosas del mundo con alta tecnologia q china me gusta mucho este proyecto y ojalay q se cumpla..,me da mucha emoción q la ciudad de guatemala va prosperando algún día vamos hacer una de las ciudades mas famosas del mundo con alta tecnologia q china me gusta mucho este proyecto y ojalay q se cumpla,emocion ciudad guatemala prosperar alguno dia ciudad famoso mundo alto tecnologia chino gustar proyecto ojalay cumplir,16,4,0,0,0,0,0,topic,Municipalidad de Guatemala,hace 7 años
UgyYaWYhDStGYWDGkb94AaABAg,j43HgwYFKfk,UCCBYcToQ2dwkd6TJh0FSyDg,@lidiarodriguez3493,lidiarodriguez3493,UCE4rsXcgDb6e1-a9iTbWzfg,Quorum,"Importante información la. Usac de ser oposición se volvió servil, se va recuperar 👍",importante información la usac de ser oposición se volvió servil se va recuperar,importante informacion usac oposicion volver servil recuperar,7,0,0,0,0,0,1,channel,@quorumgt/videos,hace 1 año
UgyYh5BUgByoCy2qNBR4AaABAg,yLZS3JiEBg8,UCxcoDvP-g2_KTZDmVZtvb3w,@angelmartinez9523,angelmartinez9523,UCE4rsXcgDb6e1-a9iTbWzfg,Quorum,"En resumen son periodistas patéticos y poco profesionales. Si van a dar información, no la den a medias. 
1. Existe inflación, la cual fue más alta que los datos que están proporcionado, esto afecta a las empresas o el propósito es que ahora las empresas subsidien lo que venden? 
2. Los precios internacionales aplican cuando una empresa o persona oferta o compra en bolsas de valores. Existen diferentes calidades. 
3. Existen aranceles que pagan las importaciones al menos que vayan a ser procesados y exportados (ej. beneficio 2989), el DAI en la mayoría de casos es de 10%  más IVA de 12%, más ISR y otros. Esto va desde carros a cebolla a frijoles y arroz. 
No se quejan de todos los carros importados pero aún así las agencias venden más y está en manos de pocos grupos. 
4. Los margenes netos de las industrias mencionadas a disminuido. Expliquen porque.
5. Estas empresas siguen porque han conseguido la manera de hacerlo rentable, pero cualquiera puede producir, vender, importar o exportar. La diferencia es que no saben cómo hacerlo y no tienen el dinero (la verdadera barrera de entrada). 
6. El ingenio que hablan no está en otro país por las condiciones que mencionan, lo cual desacredita que todo lo que digan sea cierto.",en resumen son periodistas patéticos y poco profesionales si van a dar información no la den a medias existe inflación la cual fue más alta que los datos que están proporcionado esto afecta a las empresas o el propósito es que ahora las empresas subsidien lo que venden los precios internacionales aplican cuando una empresa o persona oferta o compra en bolsas de valores existen diferentes calidades existen aranceles que pagan las importaciones al menos que vayan a ser procesados y exportados ej beneficio el dai en la mayoría de casos es de más iva de más isr y otros esto va desde carros a cebolla a frijoles y arroz no se quejan de todos los carros importados pero aún así las agencias venden más y está en manos de pocos grupos los margenes netos de las industrias mencionadas a disminuido expliquen porque estas empresas siguen porque han conseguido la manera de hacerlo rentable pero cualquiera puede producir vender importar o exportar la diferencia es que no saben cómo hacerlo y no tienen el dinero la verdadera barrera de entrada el ingenio que hablan no está en otro país por las condiciones que mencionan lo cual desacredita que todo lo que digan sea cierto,resumen periodista patetico profesional informacion media existir inflacion alto dato proporcionar afectar empresa proposito empresa subsidiar vender precio internacional aplicar empresa persona oferta compra bolsa valor existir diferente calidad existir arancel pagar importacion procesado exportar beneficio dai mayoria caso iva isr carro cebolla frijol arroz quejar carro importar aun agencia vender mano grupo margenar neto industria mencionar disminuir explicar empresa seguir conseguir manera rentable cualquiera producir vender importar exportar diferencia dinero verdadero barrera entrada ingenio hablar pais condicion mencionar desacreditar cierto,81,0,0,0,0,0,0,channel,@quorumgt/videos,hace 2 años
UgyZ2zEvW_CClk8k15F4AaABAg,j43HgwYFKfk,UCW-JC6lebVmf2P1dmY_L94g,@dinoraoroxon5771,dinoraoroxon5771,UCE4rsXcgDb6e1-a9iTbWzfg,Quorum,"Felicitaciones,muy buena información sobre  ese caso ni los medios informan la veracidad de todo esto,en verdad felicitaciones ojala todos los universitarios fieran como usted,sigan peleando sus derechos",felicitaciones muy buena información sobre ese caso ni los medios informan la veracidad de todo esto en verdad felicitaciones ojala todos los universitarios fieran como usted sigan peleando sus derechos,felicitacion buen informacion caso medio informar veracidad verdad felicitacion ojalar universitario ferir seguir pelear derecho,15,0,0,0,0,0,0,topic,@quorumgt,hace 4 meses
Ugy_6i8lJAd2eVIRNjx4AaABAg,j43HgwYFKfk,UCgJNFj5dnxXpcMvmuhZDPxA,@NataliaRodriguez-rx5mr,nataliarodriguez-rx5mr,UCE4rsXcgDb6e1-a9iTbWzfg,Quorum,Excelente vídeo!,excelente vídeo,excelente,1,1,0,0,0,0,0,topic,@quorumgt,hace 1 año
Ugy__nsWCBggw9EzOUd4AaABAg,n8iP75gIpmw,UCFoIAE8k82D6AV-8gjjKaNg,@eddymunoz9789,eddymunoz9789,UCE4rsXcgDb6e1-a9iTbWzfg,Quorum,"Lo que sucede señor diputado es que por trabajar en favor de la población es su trabajo y se le paga por eso, no le podemos quemar cuetes por cada dis que logro, asi que si es justo que los Respetables Periodistas investiguen las anomalías, no quiera darle vuelta a la tortilla😅😅😅😅 pues usted lobdice de forma tan fantaciosa como si a usted se le debiera celebrar el que trabaja!",lo que sucede señor diputado es que por trabajar en favor de la población es su trabajo y se le paga por eso no le podemos quemar cuetes por cada dis que logro asi que si es justo que los respetables periodistas investiguen las anomalías no quiera darle vuelta a la tortilla pues usted lobdice de forma tan fantaciosa como si a usted se le debiera celebrar el que trabaja,suceder diputado trabajar poblacion trabajo paga quemar cuetes dis logro justo respetable periodista investigar anomalia darle vuelta tortilla pues lobdice forma fantaciosa celebrar trabajar,24,1,1,0,0,0,1,channel,@quorumgt/videos,hace 2 años
Ugy__nsWCBggw9EzOUd4AaABAg.A7lbRpGUZoHA7nJxaD37u-,n8iP75gIpmw,UCFjudnPLoaSL1BaRuLahyHg,@HaroldoCastillo-rh9iw,haroldocastillo-rh9iw,UCE4rsXcgDb6e1-a9iTbWzfg,Quorum,Cierto.,cierto,cierto,1,1,0,0,0,0,0,channel,@quorumgt/videos,hace 2 años
Ugy_ejYOfCK6ERWL_dt4AaABAg,j43HgwYFKfk,UCe8JZoYkX5oKUZyivHYdXhw,@FernandoGarcia-jg1fj,fernandogarcia-jg1fj,UCE4rsXcgDb6e1-a9iTbWzfg,Quorum,"Entiendo lo grave de mi alma mater, ahora decir puchica, simon ya vas no hace más cercano el mensaje aleja la gravedad de este, esta hablando con universitarios no con sus cuates, los del barrio o perdón  la mara, por esa eterna adolescencia es que nadie lo trata con seriedad",entiendo lo grave de mi alma mater ahora decir puchica simon ya vas no hace más cercano el mensaje aleja la gravedad de este esta hablando con universitarios no con sus cuates los del barrio o perdón la mara por esa eterna adolescencia es que nadie lo trata con seriedad,entender grave alma mater puchica simon cercano mensaje alejar gravedad hablar universitario cuate barrio perdon mara eterno adolescencia nadie tratar seriedad,21,0,0,0,0,0,0,topic,@quorumgt,hace 2 meses
Ugy_hCCLd8GwWbnIbsd4AaABAg,ndAZjHqzzT8,UCnU8wO1OurAmGstDw6VGjgQ,@cmorera21,cmorera21,UCE4rsXcgDb6e1-a9iTbWzfg,Quorum,"Excelente video, gracias por contarnos cómo son este par de empresas cuando están solitas en un pais. Y pensar que aquí en Costa Rica nos quejamos por mucho menos. Le cuento como es aquí:
Yo soy cliente de Claro en el celular y la verdad, aunque la cobertura ha mejorado mucho, aún le falta. Eso si, la velocidad de internet y claridad al llamar son excelentes y las facturas muy claras.
Tengo Tigo residencial y no me puedo quejar, la velocidad es estable y falla muy poco dónde vivo. Y eso que no vivo para nada en la capital ni una cabecera de provincia, como les decimos aquí. A veces ha pasado que hasta hay huracanes y el internet como si nada. Aquí la ley indica que un cliente de servicio celular puede cambiarse hasta 5 veces de operador/plan por año y seguir con su número, el cuál es un derecho del cliente y cuyo dueño legal es la Sutel, la superintendencia de aquí.
El 3er competidor es el estatal ICE que también tiene aún buena cuota de mercado.
Hay muchas cableras regionales aparte de las 4 grandes nacionales (Tigo, Liberty (antes Movistar), Telecable y Kolbi que es del ICE).
Claro como proveedor de tv satelital está por todo el país, pero en fibra óptica apenas en algunos distritos de San José, la capital del país. El problema para los que tenemos Tigo (único proveedor en mi barrio) es que no hay servicio de fibra, solo cobre aún, y eso que hasta el ICE ya está reemplazado sus viejas líneas de par de cobre por fibra en todo el país.
En fin, solo quería contarle cómo funciona en otro país del área.",excelente video gracias por contarnos cómo son este par de empresas cuando están solitas en un pais y pensar que aquí en costa rica nos quejamos por mucho menos le cuento como es aquí yo soy cliente de claro en el celular y la verdad aunque la cobertura ha mejorado mucho aún le falta eso si la velocidad de internet y claridad al llamar son excelentes y las facturas muy claras tengo tigo residencial y no me puedo quejar la velocidad es estable y falla muy poco dónde vivo y eso que no vivo para nada en la capital ni una cabecera de provincia como les decimos aquí a veces ha pasado que hasta hay huracanes y el internet como si nada aquí la ley indica que un cliente de servicio celular puede cambiarse hasta veces de operador plan por año y seguir con su número el cuál es un derecho del cliente y cuyo dueño legal es la sutel la superintendencia de aquí el er competidor es el estatal ice que también tiene aún buena cuota de mercado hay muchas cableras regionales aparte de las grandes nacionales tigo liberty antes movistar telecable y kolbi que es del ice claro como proveedor de tv satelital está por todo el país pero en fibra óptica apenas en algunos distritos de san josé la capital del país el problema para los que tenemos tigo único proveedor en mi barrio es que no hay servicio de fibra solo cobre aún y eso que hasta el ice ya está reemplazado sus viejas líneas de par de cobre por fibra en todo el país en fin solo quería contarle cómo funciona en otro país del área,excelente contar par empresa solitas pais pensar costa rico quejar cuento cliente claro celular verdad aunque cobertura mejorar aun falta velocidad internet claridad llamar excelente factura claro tigo residencial quejar velocidad estable falla vivo vivo capital cabecera provincia pasado huracan internet ley indicar cliente servicio celular cambiarse operador plan seguir numero derecho cliente cuyo dueño legal sutel superintendencia competidor estatal izar aun buen cuota mercado cablero regional aparte grande nacional tigo liberty movistar telecable kolbi izar claro proveedor satelital pais fibra optica apenas distrito santo jose capital pais problema tigo unico proveedor barrio servicio fibra cobre aun izar reemplazar viejo linea par cobre fibra pais fin contar funcionar pais area,110,0,0,0,0,0,0,channel,@quorumgt/videos,hace 2 años
Ugyav8Au2cT8yVfYgp54AaABAg,PjmxCj-a9Hg,UCf5lnNZF7Qrtli9v4N_23WQ,@CarlosCortez-v5r,carloscortez-v5r,UC-ZtFBHzgkYFh7whZkuR_Ag,Gobierno de la República de Guatemala,Platiquen de petróleo  y del hospital de rabinal que paso,platiquen de petróleo y del hospital de rabinal que paso,platicar petroleo hospital rabinal paso,5,0,0,0,0,0,0,topic,@GobiernodeGuatemala,hace 1 año
Ugyb2uIeZGcNljNqap94AaABAg,j43HgwYFKfk,UCW80DaMjQlEUibC98Cot-Dg,@rogeraldana4289,rogeraldana4289,UCE4rsXcgDb6e1-a9iTbWzfg,Quorum,"Que pena que estos pusilánimes muertos de hambre de poder estén llevando a la Universidad a denigrar la democracia en Guatemala empezando con sus elecciones fraudulentas. 
Pero si bien es cierto todo lo mal habido se acaba.",que pena que estos pusilánimes muertos de hambre de poder estén llevando a la universidad a denigrar la democracia en guatemala empezando con sus elecciones fraudulentas pero si bien es cierto todo lo mal habido se acaba,pena pusilanime muerto hambre llevar universidad denigrar democracia guatemala empezar eleccion fraudulento cierto acabar,14,0,0,0,0,0,0,channel,@quorumgt/videos,hace 1 año
UgycKHbiLBi0WcSs8sh4AaABAg,n8iP75gIpmw,UCL13XhnRzbGokEkCkEOb0-g,@raquelprado3643,raquelprado3643,UCE4rsXcgDb6e1-a9iTbWzfg,Quorum,Nunca trabajan para el pueblo si no para si mismos,nunca trabajan para el pueblo si no para si mismos,nunca trabajar pueblo mismo,4,7,0,0,0,0,0,channel,@quorumgt/videos,hace 2 años
UgyciTatiqHr2BpFTqJ4AaABAg,j43HgwYFKfk,UCDrmf9y9nLgFY5wnA2hTuGA,@laboratorio5528,laboratorio5528,UCE4rsXcgDb6e1-a9iTbWzfg,Quorum,Excelente vídeo!! Sería bueno extender este video y mencionar los nombres y facultades a los representantes que ya estan ilegalmente en su cargo,excelente vídeo sería bueno extender este video y mencionar los nombres y facultades a los representantes que ya estan ilegalmente en su cargo,excelente bueno extender mencionar nombre facultad representante ilegalmente cargo,9,1,0,0,0,0,0,topic,@quorumgt,hace 1 año (editado)
UgydkbyzemdvsBJrYxt4AaABAg,n8iP75gIpmw,UCTD6q1nyIe3Y7HhqjaMj72w,@JuanChang-r6k,juanchang-r6k,UCE4rsXcgDb6e1-a9iTbWzfg,Quorum,"Entonces, no se postulen para diputados si dicen que no alcanza el dinero",entonces no se postulen para diputados si dicen que no alcanza el dinero,entonces postular diputado alcanzar dinero,5,8,0,0,0,0,0,channel,@quorumgt/videos,hace 2 años
UgyeTw07aydjDqK4crN4AaABAg,lj983NWyAQY,UC0aEyakBPqcBkVJiErfSupQ,@jhonymanuel9891,jhonymanuel9891,UCXa6LVjBzUtmcM3cwbd9e2w,Municipalidad de Guatemala,Wow una ciudad de futuro,wow una ciudad de futuro,wow ciudad futuro,3,70,0,0,0,0,0,topic,Municipalidad de Guatemala,hace 7 años
Ugyeb8_nptWKXnFXH8F4AaABAg,n8iP75gIpmw,UChs3tU2BcKOT0CezykvAsGw,@byronpontaza,byronpontaza,UCE4rsXcgDb6e1-a9iTbWzfg,Quorum,"Porque este programa no habla de la corrupción, de los negocios de Miguelito y Giamatei, o será que ellos les pagan",porque este programa no habla de la corrupción de los negocios de miguelito y giamatei o será que ellos les pagan,programa habla corrupcion negocio miguelitar giamatei pagar,7,1,0,0,0,0,0,channel,@quorumgt/videos,hace 2 años
Ugyejets0FNr0Zh-VuZ4AaABAg,n8iP75gIpmw,UC650pRT-OYzny3GwOH8Cgfw,@edvinparedesherrera7632,edvinparedesherrera7632,UCE4rsXcgDb6e1-a9iTbWzfg,Quorum,Que indignante saber como se artan estos coches y finalmente el pueblo esta ciendo dañado,que indignante saber como se artan estos coches y finalmente el pueblo esta ciendo dañado,indignante artan coche finalmente pueblo ciendo dañar,7,1,0,0,0,0,0,channel,@quorumgt/videos,hace 2 años
UgyfMf4MkQsDKavjbLV4AaABAg,n8iP75gIpmw,UC9vMq1YF-e7C-VO0SHkbUTA,@ErvinLeonardoCarreraLatín,ervinleonardocarreralat%c3%adn,UCE4rsXcgDb6e1-a9iTbWzfg,Quorum,P..... Como no es su dinero  les vale v....,p como no es su dinero les vale v,dinero valer,2,0,0,0,0,0,0,channel,@quorumgt/videos,hace 2 años
UgyhYgz2ilvm1-T5IW94AaABAg,j43HgwYFKfk,UCWoAVGVqCn4xtINCMOTM4jg,@OmarMartinez-vv8re,omarmartinez-vv8re,UCE4rsXcgDb6e1-a9iTbWzfg,Quorum,"Esto es lo que los poderosos quieren esconder, sacan noticias a medias que confunden, si no acatan una orden para reinstalar a uno de sus miembros, que podemos esperar??? Entonces?? La ley es para unos y no para todos??...La San  Carlos ya no le pertenece ni representan al pueblo, "" Las ratas hacen fiesta en casa del gato""..😢",esto es lo que los poderosos quieren esconder sacan noticias a medias que confunden si no acatan una orden para reinstalar a uno de sus miembros que podemos esperar entonces la ley es para unos y no para todos la san carlos ya no le pertenece ni representan al pueblo las ratas hacen fiesta en casa del gato,poderoso esconder sacar noticia media confundir acatar orden reinstalar miembro esperar entonces ley santo carlos pertenecer representar pueblo rata fiesta casa gato,22,0,0,0,0,0,1,channel,@quorumgt/videos,hace 1 año (editado)
UgyiGiWPuiTR2hkzmVd4AaABAg,n8iP75gIpmw,UCDPWkUX3sNNaCx-m1dV4glA,@hectoroliva949,hectoroliva949,UCE4rsXcgDb6e1-a9iTbWzfg,Quorum,Solo giamagyey penso en grandes proyectos la coaptacion total del estado y el gran proyecto de corrupcion,solo giamagyey penso en grandes proyectos la coaptacion total del estado y el gran proyecto de corrupcion,giamagyey pensar grande proyecto coaptacion total gran proyecto corrupcion,9,0,0,0,0,0,0,channel,@quorumgt/videos,hace 1 año
UgyiegHTZAVz8J4Ogvt4AaABAg,j43HgwYFKfk,UCsGoJEvb-cFPZ2rWoJcXzEQ,@sergiohinestroza9709,sergiohinestroza9709,UCE4rsXcgDb6e1-a9iTbWzfg,Quorum,La felicito señorita; al rin hubo una valiente. Dios con usted  !!!,la felicito señorita al rin hubo una valiente dios con usted,felicitar señorito rin valiente dios,5,10,0,0,0,0,0,topic,@quorumgt,hace 1 año
UgyihMW-pXKI2cEDqWx4AaABAg,n8iP75gIpmw,UCXXh7yg5KUFIWylTiKVEFKQ,@MrDuenderojo,mrduenderojo,UCE4rsXcgDb6e1-a9iTbWzfg,Quorum,Siguen con las mismas mañas....los diputados acostumbrados a estar de gorriones....,siguen con las mismas mañas los diputados acostumbrados a estar de gorriones,seguir mismo maña diputado acostumbrar gorrion,6,1,0,0,0,0,0,channel,@quorumgt/videos,hace 2 años
UgyisqlInC7oBNbU95Z4AaABAg,n8iP75gIpmw,UC5H8ASmMC9WrURmzeB4ySog,@ManuelEdran,manueledran,UCE4rsXcgDb6e1-a9iTbWzfg,Quorum,Lleve su lonchera...,lleve su lonchera,llevar lonchera,2,1,0,0,0,0,0,channel,@quorumgt/videos,hace 2 años
Ugyk3PqfIuDEuXyeb494AaABAg,n8iP75gIpmw,UCfM3nrxtTQMY5jFx1v1J4Gg,@edgarroldan5539,edgarroldan5539,UCE4rsXcgDb6e1-a9iTbWzfg,Quorum,Cabal con pisto robado c asen micos y pericos lo de productivo para el país queda muy lejos,cabal con pisto robado c asen micos y pericos lo de productivo para el país queda muy lejos,cabal pisto robar asar mico perico productivo pais queda lejos,10,0,0,0,0,0,0,channel,@quorumgt/videos,hace 1 año
UgykKTDDGdoiNQIuYJd4AaABAg,n8iP75gIpmw,UCp4iw5_5SmV9VGTFSNVGOmQ,@CARLOSSTREMS51,carlosstrems51,UCE4rsXcgDb6e1-a9iTbWzfg,Quorum,"Quien no lo conoce que lo compre, este fue mano derecha y achichincle de Baldizón en LIDER. Andaban en helicoptero pagado por los financistas que iban a cobrar con creces si llegaban al poder. Este es un Dipucaco",quien no lo conoce que lo compre este fue mano derecha y achichincle de baldizón en lider andaban en helicoptero pagado por los financistas que iban a cobrar con creces si llegaban al poder este es un dipucaco,conocer comprar mano derecha achichincle baldizon lider andar helicoptero pagar financista cobrar crecer llegar dipucaco,15,0,0,0,0,0,0,channel,@quorumgt/videos,hace 2 años
UgymHCpILRINq5oT_7B4AaABAg,lj983NWyAQY,UCIp19h9igblA2YKfSLPDAug,@JoseReyes-rn6sh,josereyes-rn6sh,UCXa6LVjBzUtmcM3cwbd9e2w,Municipalidad de Guatemala,"FORTALEZCAMOS A NUESTRA BELLÍSIMA GUATEMALA


GUATEMALTECOS Y GUATEMALTECAS UNIDOS


ESTAN CONMIGO?",fortalezcamos a nuestra bellísima guatemala guatemaltecos y guatemaltecas unidos estan conmigo,fortalecer bellisima guatemala guatemalteco guatemalteco unir,6,14,1,0,0,0,0,topic,Municipalidad de Guatemala,hace 6 años
UgymHZwhYtsW9EYkxdl4AaABAg,n8iP75gIpmw,UCQtICyzWmhC5woCtbNgaSmg,@nestormendez6216,nestormendez6216,UCE4rsXcgDb6e1-a9iTbWzfg,Quorum,"Nery Rodas entienda. los fondos públicos no son para pagar comida de nadie. En lo privado ok. Es para generar negocios.
En lo público paguen de su sueldo. Punto.",nery rodas entienda los fondos públicos no son para pagar comida de nadie en lo privado ok es para generar negocios en lo público paguen de su sueldo punto,nery roda entender fondo publico pagar comida nadie privado generar negocio publico pagar sueldo punto,15,5,0,0,0,0,0,channel,@quorumgt/videos,hace 2 años
Ugynh0Cq17X889qHS0J4AaABAg,n8iP75gIpmw,UCwha8rxULYMVtNwZWeSkE1A,@mariasamo8637,mariasamo8637,UCE4rsXcgDb6e1-a9iTbWzfg,Quorum,No sé si todos los del Cabal son corruptos; pero Nery Rodas es un descarado corrupto.,no sé si todos los del cabal son corruptos pero nery rodas es un descarado corrupto,cabal corrupto nery roda descarar corrupto,6,0,0,0,0,0,0,channel,@quorumgt/videos,hace 1 año
UgyoRKhs1yP8oKoD3uh4AaABAg,j43HgwYFKfk,UCylqlpsh8ENNM1LqgQ1KbxA,@Jel.Awesh.M,jel.awesh.m,UCE4rsXcgDb6e1-a9iTbWzfg,Quorum,Fuera Mazarriegos,fuera mazarriegos,mazarriego,1,0,0,0,0,0,0,topic,@quorumgt,hace 4 meses
UgyoglGwyV2PhIAvHdt4AaABAg,j43HgwYFKfk,UCHbwIx9pmQuf7i-4_xO2EpA,@caminoseternos752,caminoseternos752,UCE4rsXcgDb6e1-a9iTbWzfg,Quorum,"Excelente información, necesitaba saber y esta bastante claro... Ahora entiendo mejor 😢",excelente información necesitaba saber y esta bastante claro ahora entiendo mejor,excelente informacion necesitar bastante claro entender mejor,7,0,0,0,0,0,1,topic,@quorumgt,hace 6 meses (editado)
UgyqA5EpXnBPn_uH-KB4AaABAg,j43HgwYFKfk,UCu8_3-Wg-YzNyvHYQDEscfw,@RolandoCastroPérez-d7y,rolandocastrop%c3%a9rez-d7y,UCE4rsXcgDb6e1-a9iTbWzfg,Quorum,Y por que no manifiestan contra toda esa mafia ante los tribunales?. Se que hay mucha suciedad en la justicia pero se debe hacer algo.,y por que no manifiestan contra toda esa mafia ante los tribunales se que hay mucha suciedad en la justicia pero se debe hacer algo,manifestar mafia tribunal suciedad justicia,5,2,0,0,0,0,0,topic,@quorumgt,hace 1 año
Ugyr_-OfFbHlc9uWhg94AaABAg,OkXlHx0hx-8,UCIgoiXdIKJyUGmUoH2Lxdzg,@susievidal4134,susievidal4134,UCRwA1NUcUnwsly35ikGhp0A,Noticias Telemundo,Bueno los otros países tampoco queremos criminal es de México que los mandé a su país donde nacieron. Costa Rica lleva años aguantando gente de otros países ya no necesitamos más crimen en nuestro país.,bueno los otros países tampoco queremos criminal es de méxico que los mandé a su país donde nacieron costa rica lleva años aguantando gente de otros países ya no necesitamos más crimen en nuestro país,bueno pais tampoco criminal mexico mandar pais nacer costa rico llevar aguantar pais necesitar crimen pais,16,3,0,0,0,0,0,topic,guatemala noticias,hace 1 día
UgysnIFZt6-_f2iGbid4AaABAg,06mFNPU0aB8,UCXN2s7DwTJm33xO-pNkAdaA,@edithsan7688,edithsan7688,UCVpSRoZgngfSL03Nlbjtq9A,Noti7,Buen trabajo,buen trabajo,buen trabajo,2,0,0,0,0,0,0,topic,guatemala noticias,hace 2 semanas
UgysqnYM0p-_jyWisMJ4AaABAg,lj983NWyAQY,UCgLrWFdYitoP-b7-PxtUr-w,@zetag,zetag,UCXa6LVjBzUtmcM3cwbd9e2w,Municipalidad de Guatemala,Quiero vivir en esa Guatemala :v,quiero vivir en esa guatemala v,vivir guatemala,2,405,3,0,0,0,0,topic,Municipalidad de Guatemala,hace 7 años
UgysslM7dkNnQ1JT7Mh4AaABAg,j43HgwYFKfk,UCAKuKvcbfnBD3kF5njNu-IA,@melvinlopez7096,melvinlopez7096,UCE4rsXcgDb6e1-a9iTbWzfg,Quorum,Excelente información!,excelente información,excelente informacion,2,0,0,0,0,0,0,topic,@quorumgt,hace 1 año
UgyuZ00FMdgmao7sNMx4AaABAg,n8iP75gIpmw,UCFxE8GbokBrBsPEKM1xrOjQ,@JuanDavila-qd7qj,juandavila-qd7qj,UCE4rsXcgDb6e1-a9iTbWzfg,Quorum,"Todo muy caro,canasta básica,transporte,y que barbaridad ,no tienen conciencia,cuántos pacientes muriendo por medicinas caras,estos diputados no tendrían que ejercer este cargo,pueblo dormido,este es un gran corrupto,vamos,une,vos, valor , todos corruptos",todo muy caro canasta básica transporte y que barbaridad no tienen conciencia cuántos pacientes muriendo por medicinas caras estos diputados no tendrían que ejercer este cargo pueblo dormido este es un gran corrupto vamos une vos valor todos corruptos,caro canasta basico transporte barbaridad conciencia cuanto paciente morir medicina cara diputado ejercer cargo pueblo dormir gran corrupto unir vos valor corrupto,22,10,0,0,0,0,0,channel,@quorumgt/videos,hace 2 años (editado)
Ugyuk_4Gq9tbJjGZVRl4AaABAg,n8iP75gIpmw,UCh5ESQvtzyHDhCA7XyekCFA,@andyB5280,andyb5280,UCE4rsXcgDb6e1-a9iTbWzfg,Quorum,"Y las cosas no cambian, ellos siguen haciendo pobrecitos cómo sufren, mientras jenye de muere por la compra de medicamentos y no tienen para comprarla .",y las cosas no cambian ellos siguen haciendo pobrecitos cómo sufren mientras jenye de muere por la compra de medicamentos y no tienen para comprarla,cambiar seguir pobrecitos sufrir mientras jenye morir compra medicamento comprar,10,3,0,0,0,0,0,channel,@quorumgt/videos,hace 2 años
UgyvMO5z1LjtvyRIIxd4AaABAg,is3Mk5oC19g,UCk4O-J1BhoqPmig1KLGJePA,@lazarobarillas3575,lazarobarillas3575,UCt5Dw7ePnn0AqPqRF8Xpjkw,TN23 Guatemala,Claro....hechor y consentidor pena por igual😮😮😮😮😮😮😮,claro hechor y consentidor pena por igual,claro hechor consentidor pena igual,5,0,0,0,0,0,1,topic,guatemala noticias,hace 1 día
UgyvSxtnuw9xRiNU5tl4AaABAg,j43HgwYFKfk,UCUoYsrx1oZnCZ0usbBJn4fA,@AnaDiaz-re9sq,anadiaz-re9sq,UCE4rsXcgDb6e1-a9iTbWzfg,Quorum,"Ese Luis Cordón, si que es valiente el resto de consejeros son lame botas",ese luis cordón si que es valiente el resto de consejeros son lame botas,luis cordon valiente resto consejero lame bota,7,1,0,0,0,0,0,channel,@quorumgt/videos,hace 1 año
UgyxvyPVCur3jgc_1mx4AaABAg,b_Hkrkl3adA,UCHu8x4MVkayU6VgwVKd--MQ,@Hernandez-i1o,hernandez-i1o,UCEepOY2svuxbsJ-zsAPT9Fg,PrensaLibreOficial,Asquerosos dilicuentes empresas del belzebu y Buda asqueroso gobierno chueco del Don Arévalo nada hace por la población Guatemalteca y los asquerosas y asquerosos diputados del congreso de la república,asquerosos dilicuentes empresas del belzebu y buda asqueroso gobierno chueco del don arévalo nada hace por la población guatemalteca y los asquerosas y asquerosos diputados del congreso de la república,asqueroso dilicontar empresa belzebu buda asqueroso gobierno chueco don arevalo poblacion guatemalteco asqueroso asqueroso diputado congreso republica,17,1,0,0,0,0,0,topic,guatemala noticias,hace 7 horas
UgyypM6Ts6Ut_EuFcdN4AaABAg,n8iP75gIpmw,UC-jS_kA9w-OmpupXDx156Rg,@simoncreyesc7579,simoncreyesc7579,UCE4rsXcgDb6e1-a9iTbWzfg,Quorum,Y pueblo muriéndose del ambre ve hijos de su mera madre,y pueblo muriéndose del ambre ve hijos de su mera madre,pueblo morir ambre hijo mero madre,6,2,0,0,0,0,0,channel,@quorumgt/videos,hace 2 años
Ugyyx5lXrgFXsraCIMh4AaABAg,n8iP75gIpmw,UC9vMq1YF-e7C-VO0SHkbUTA,@ErvinLeonardoCarreraLatín,ervinleonardocarreralat%c3%adn,UCE4rsXcgDb6e1-a9iTbWzfg,Quorum,P..   si tengo hambre que le quitó un pedazo de ferrocarril mi...,p si tengo hambre que le quitó un pedazo de ferrocarril mi,hambre quitar pedazo ferrocarril,4,0,0,0,0,0,0,channel,@quorumgt/videos,hace 2 años
UgyzKNq94Z4Y2GSth514AaABAg,yLZS3JiEBg8,UChT7pzGytNd92Nmvi-zuWog,@sparkvalkov,sparkvalkov,UCE4rsXcgDb6e1-a9iTbWzfg,Quorum,vine del instagram!,vine del instagram,venir instagram,2,1,0,0,0,0,0,channel,@quorumgt/videos,hace 2 años
Ugyzgy-Lqlq6CTb4GPB4AaABAg,n8iP75gIpmw,UChZknRmJkeGeQk0-mQuhDOg,@OdilioRodríguez-c5w,odiliorodr%c3%adguez-c5w,UCE4rsXcgDb6e1-a9iTbWzfg,Quorum,Y porqué no lo hacen  en lugares más sencillos pero como todos estos son iguales solo piensan en hartarse bien por eso salen como Rodriguez arzu  a costillas del pueblo,y porqué no lo hacen en lugares más sencillos pero como todos estos son iguales solo piensan en hartarse bien por eso salen como rodriguez arzu a costillas del pueblo,lugar sencillo igual pensar hartar salir rodrigar arzu costilla pueblo,10,1,0,0,0,0,0,channel,@quorumgt/videos,hace 2 años
UgyzzIxBoO0_7kX1EWJ4AaABAg,WIUZtitfLRw,UCOARn3hnfkB7-_Rwa8Hoqcw,@nicelol5241,nicelol5241,UCE4rsXcgDb6e1-a9iTbWzfg,Quorum,"Muy cierto, mi mamá en este momento esta incapacitada de una pierna y hemos vivido lo que es caminar en aceras altas, ineptas, absurdamente pequeñas y además dañadas.",muy cierto mi mamá en este momento esta incapacitada de una pierna y hemos vivido lo que es caminar en aceras altas ineptas absurdamente pequeñas y además dañadas,cierto mama momento incapacitado pierna vivir caminar acera alto inepto absurdamente pequeño ademas dañar,14,0,0,0,0,0,0,channel,@quorumgt/videos,hace 1 año
Ugz-XNtfLx0lzcoHUXN4AaABAg,b_Hkrkl3adA,UC9Wp6vL5oCU37qC3Aj94WZA,@ManuelSanchez-b8q2z,manuelsanchez-b8q2z,UCEepOY2svuxbsJ-zsAPT9Fg,PrensaLibreOficial,"Que comando mierd@ mejor de todas maneras tenemos que seguir trabajando, más gasto cuando ellos tapan.",que comando mierd mejor de todas maneras tenemos que seguir trabajando más gasto cuando ellos tapan,comando mierd mejor manera seguir trabajar gasto tapar,8,0,0,0,0,0,0,topic,guatemala noticias,hace 3 horas
Ugz158DoUO_zyZlglG14AaABAg,06mFNPU0aB8,UCIXLDYqR_syskKRJy_x9W9Q,@carlitosramirez4739,carlitosramirez4739,UCVpSRoZgngfSL03Nlbjtq9A,Noti7,Inglés,inglés,ingles,1,0,0,0,0,0,0,topic,guatemala noticias,hace 2 semanas
Ugz1TFgP101cP3SQAW94AaABAg,n8iP75gIpmw,UCYN4wSQ1Sx4_LurxLlW7MPg,@belarminavillatoro6474,belarminavillatoro6474,UCE4rsXcgDb6e1-a9iTbWzfg,Quorum,"Esas no son cosas minuciosas como dice el diputado Nery Rodas ya todos los diputados saben que les dieron orden de no gastar el dinero del pueblo para almuerzos de diputados y el w que quiere que  no nos digan nada porque son cosas como que no vale nada contarlo,si gastaron ese dinero que se los cobren a los diputados,están viendo qué hay personas muriendo de hambre y ellos bien Gracias dándose la gran vida que lo paguen con su sueldo que para eso ganan bien sin vergüenzas vividores,pues que lo paguen para ustedes es poco dos mil quetzales pero para nosotros los pobres es mucho dinero no importa que sea menor gasto pero entiendan que ya no,y si ustedes trabajan que sea en horas adecuadas y no en horas de comidas,y si usted dice que es muy poco el dinero entonces renuncien y busquen otro trabajo porque hay sueldos que ganan el mínimo y de ahí tienen que pagar todo imagínese señor por favor?",esas no son cosas minuciosas como dice el diputado nery rodas ya todos los diputados saben que les dieron orden de no gastar el dinero del pueblo para almuerzos de diputados y el w que quiere que no nos digan nada porque son cosas como que no vale nada contarlo si gastaron ese dinero que se los cobren a los diputados están viendo qué hay personas muriendo de hambre y ellos bien gracias dándose la gran vida que lo paguen con su sueldo que para eso ganan bien sin vergüenzas vividores pues que lo paguen para ustedes es poco dos mil quetzales pero para nosotros los pobres es mucho dinero no importa que sea menor gasto pero entiendan que ya no y si ustedes trabajan que sea en horas adecuadas y no en horas de comidas y si usted dice que es muy poco el dinero entonces renuncien y busquen otro trabajo porque hay sueldos que ganan el mínimo y de ahí tienen que pagar todo imagínese señor por favor,minucioso diputado nery roda diputado orden gastar dinero pueblo almuerzo diputado valer contar gastar dinero cobrar diputado ver persona morir hambre gran vida pagar sueldo ganar verguenza vividor pues pagar dos mil quetzal pobre dinero importar menor gasto entender trabajar hora adecuar hora comida dinero entonces renunciar buscar trabajo sueldo ganar minimo pagar imaginar,54,0,0,0,0,0,0,channel,@quorumgt/videos,hace 2 años
Ugz1VUKAy1iuwk_x2jN4AaABAg,yLZS3JiEBg8,UCTTILH6QCIxbTnEWxwRqs1g,@3762Jorge,3762jorge,UCE4rsXcgDb6e1-a9iTbWzfg,Quorum,La próxima habla de la harina de trigo.,la próxima habla de la harina de trigo,proximo habla harina trigo,4,0,0,0,0,0,0,channel,@quorumgt/videos,hace 2 años
Ugz1kbHjtN-jQUk3sWd4AaABAg,n8iP75gIpmw,UC5bG9nc_JV3FsNP2KseQiYw,@giovannirodas4836,giovannirodas4836,UCE4rsXcgDb6e1-a9iTbWzfg,Quorum,Nombre.... Tenía razon el loco Taracena!!!!! Los diputados siempre iban a decir q no les alcanza el salario de 25 mil. Y uno von salario mínimo tiene q ver cómo le hace para q le alcance!!! Entonces q busquen otro trabajo!!! Es el colmo plata hay lo q pasa q los políticos como el se lo gastan en hartazon!!!!😡😡😡😡,nombre tenía razon el loco taracena los diputados siempre iban a decir q no les alcanza el salario de mil y uno von salario mínimo tiene q ver cómo le hace para q le alcance entonces q busquen otro trabajo es el colmo plata hay lo q pasa q los políticos como el se lo gastan en hartazon,nombre razon loco taracena diputado siempre alcanzar salario mil von salario minimo ver alcance entonces buscar trabajo colmo plata pasar politico gastar hartazon,23,2,0,0,0,0,1,channel,@quorumgt/videos,hace 2 años
Ugz200h27x5RIAnswQd4AaABAg,n8iP75gIpmw,UCKDR0f2fu2UzWL8mBv5-BHw,@mireyamorales6595,mireyamorales6595,UCE4rsXcgDb6e1-a9iTbWzfg,Quorum,"PERO ESTOS QUE ESTAN ENTREVISTANDO AL DIPUTADO NERY RODAS PORQUE 
NO LE PREGUNTARON A LA LEGISLATURA ANTERIOR TODOS LOS GASTOS  QUE HHACIAN.
 :face-blue-smiling: ASI ES LA ANTERIOR LEGISLATURA PAGABAN HASTA PORQUE IBAN AL BAÑO.
SR. RODAS..DEJE A ESTOS QUE LO ESTAN ENTREVISTANDO QUE LE PREGUNTEN
A SU MADRE.
LO QUE AFECTO EN GRANDE EL PAIS,ESOS ROBOS DE  jimmy morales / giammattei.
ALEGANDO POR UNA FACTURA DE Q.2,OOO. O,  MENOS.
  👁giammattei  ROBO MILLONES DE MILLONES Y ESTOS CORRUPTOS ENTREVISTADORES hablando de desnutricion ???  pregunten a giammattei,vive en
el pais todavia...vayan a buscarlo.
JAMAS LE HIZIERON NUNCA UNA PREGUNTA ACERCA DE LOS GASTOS QUE HACIA.
👁 toda empresa privada o gubernamental,PAGAN SUS GASTOS PARA LAS REUNIONESS
QUE LES TOCA HACER.
VAYAN A BUSCAR A allan rodriguez por ej...alvaro arzu...esos si son CORRUPTOS.",pero estos que estan entrevistando al diputado nery rodas porque no le preguntaron a la legislatura anterior todos los gastos que hhacian face blue smiling asi es la anterior legislatura pagaban hasta porque iban al baño sr rodas deje a estos que lo estan entrevistando que le pregunten a su madre lo que afecto en grande el pais esos robos de jimmy morales giammattei alegando por una factura de q ooo o menos giammattei robo millones de millones y estos corruptos entrevistadores hablando de desnutricion pregunten a giammattei vive en el pais todavia vayan a buscarlo jamas le hizieron nunca una pregunta acerca de los gastos que hacia toda empresa privada o gubernamental pagan sus gastos para las reunioness que les toca hacer vayan a buscar a allan rodriguez por ej alvaro arzu esos si son corruptos,entrevistar diputado nery roda preguntar legislatura anterior gasto hhaciar facer blue smiling anterior legislatura pagar baño roda dejar entrevistar preguntar madre afecto grande pais robo jimmy moral giammattei alegar factura ooo giammattei robo millon millon corrupto entrevistador hablar desnutricion preguntar giammattei vivir pais todavia buscar jamar hizieron nunca pregunta acercar gasto hacia empresa privado gubernamental pagar gasto reunion toca buscar allan rodrigar alvaro arzu corrupto,65,0,0,0,0,0,2,channel,@quorumgt/videos,hace 2 años
Ugz26waEPWK6VtsenFZ4AaABAg,PjmxCj-a9Hg,UCNIeXbV_mEwpa412h1aqUWw,@juandeleon9060,juandeleon9060,UC-ZtFBHzgkYFh7whZkuR_Ag,Gobierno de la República de Guatemala,Dios. Los cria. Y El.....los coruptos. Siempre. Van de la Mano....,dios los cria y el los coruptos siempre van de la mano,dios criar coruptos siempre mano,5,1,1,0,0,0,0,topic,@GobiernodeGuatemala,hace 1 año
Ugz26waEPWK6VtsenFZ4AaABAg.ALglV0O_2mtALgq1_mUSB_,PjmxCj-a9Hg,UCbYoNG5J3Au5BqtbXogfEFw,@Luis-gn3fj,luis-gn3fj,UC-ZtFBHzgkYFh7whZkuR_Ag,Gobierno de la República de Guatemala,Ud y quienes mas😂😂😂😂😂😂😂😂😂😂😂😂😂😂😂😂😂😂,ud y quienes mas,,0,1,0,0,0,0,1,topic,@GobiernodeGuatemala,hace 1 año
Ugz2Y0LOPaJfoV8R01d4AaABAg,n8iP75gIpmw,UCl0ekS9Tt0jJGtOEM18S63w,@monkchapin,monkchapin,UCE4rsXcgDb6e1-a9iTbWzfg,Quorum,paaajaaaasss,paaajaaaasss,paaajaaaasss,1,0,0,0,0,0,0,channel,@quorumgt/videos,hace 2 años
Ugz5OziU6YjREVjZJUZ4AaABAg,PjmxCj-a9Hg,UCVQf0tzL7xRzFJsABVVULpg,@DennisseLopetegi,dennisselopetegi,UC-ZtFBHzgkYFh7whZkuR_Ag,Gobierno de la República de Guatemala,El estado de Colombia fue el verdugo de Uribe.. cuando sienten q alguien les enfrenta con la verdad se acobardan.. igual pasa con el ejecutivo de Guatemala.. bueno en fin arevalo es compadre de petro.  0igo a este presidente y solo mentiras salen de du bocata..  HDP,el estado de colombia fue el verdugo de uribe cuando sienten q alguien les enfrenta con la verdad se acobardan igual pasa con el ejecutivo de guatemala bueno en fin arevalo es compadre de petro igo a este presidente y solo mentiras salen de du bocata hdp,colombia verdugo uribe sentir enfrentar verdad acobardar igual pasar ejecutivo guatemala bueno fin arevalo compadre petro igo presidente mentira salir bocata hdp,22,0,0,0,0,0,0,topic,@GobiernodeGuatemala,hace 1 año
Ugz6naDsqtHsbONkRBl4AaABAg,b_Hkrkl3adA,UCsUCN0Yq_UyTvKjOJLmNrnQ,@moisesvaldez4043,moisesvaldez4043,UCEepOY2svuxbsJ-zsAPT9Fg,PrensaLibreOficial,Vamos a paralizar todo el pais talvez asi entiende este gibierno medrioque,vamos a paralizar todo el pais talvez asi entiende este gibierno medrioque,paralizar pais talvez entender gibierno medrioque,6,0,0,0,0,0,0,topic,guatemala noticias,hace 49 minutos
Ugz76M4X7jXyiAqAC_d4AaABAg,n8iP75gIpmw,UCsSXdJct-nsS8DsABoEsaYA,@IvánPérez-j4j,iv%c3%a1np%c3%a9rez-j4j,UCE4rsXcgDb6e1-a9iTbWzfg,Quorum,"Pues deberían establecer viáticos cuando los trabajos sean institucionales, eso seria más legal. Ponga una tabla de viáticos, ejemplo: desayuno 60, almuerzo 100, cena 60; hospedaje 150.",pues deberían establecer viáticos cuando los trabajos sean institucionales eso seria más legal ponga una tabla de viáticos ejemplo desayuno almuerzo cena hospedaje,pues establecer viatico trabajo institucional legal tabla viatico ejemplo desayuno almuerzo cena hospedaje,13,2,1,0,0,0,0,channel,@quorumgt/videos,hace 2 años
Ugz76M4X7jXyiAqAC_d4AaABAg.A7j4tx1RMDbA7oQQlZnZR4,n8iP75gIpmw,UC9xr9QvIcDvoZNUX5f-jaZw,@MariaaliciaColonmorales,mariaaliciacolonmorales,UCE4rsXcgDb6e1-a9iTbWzfg,Quorum,"Es que ellos tienen un rubro para comidas hasta por 10,000quetzales pero ellos principalmente los de junta directiva dijeron que  no tocarían ese dinero que ellos comerían de su bolsillo",es que ellos tienen un rubro para comidas hasta por quetzales pero ellos principalmente los de junta directiva dijeron que no tocarían ese dinero que ellos comerían de su bolsillo,rubro comida quetzal principalmente junta directiva tocar dinero comer bolsillo,10,0,0,0,0,0,0,channel,@quorumgt/videos,hace 2 años
Ugz7WPxTOQEwmZpnx_V4AaABAg,n8iP75gIpmw,UCi1b_TRQfgO1Z9O2gNGGWNA,@davidisraelesquitsaquil,davidisraelesquitsaquil,UCE4rsXcgDb6e1-a9iTbWzfg,Quorum,"Ahora se destapo la CORRUPCION Q EXISTIA Y AHORA SE CONTAMINO despues de ampliacion ahora DEUDAS a la Comunidad Internacional por PRESTAMOS para carreteras, ademas CONCESIONES A AEROPUERTOS, PUERTOS, LAS MISMAS CARRETERAS, todos millonario, EUROBONOS, vender al pais y CANASTA BASICA A Q10,000 todo lo van hacer PERO ESE DINERO QUE OBTENGAN SERA REGALO DEL 👹👹👹 Xq DIOS dara justicia en su momento la JUSTICIA DE DIOS con sus hijitos sera IMPLACABLE y omnipotente🇬🇹🇬🇹🇬🇹🇬🇹",ahora se destapo la corrupcion q existia y ahora se contamino despues de ampliacion ahora deudas a la comunidad internacional por prestamos para carreteras ademas concesiones a aeropuertos puertos las mismas carreteras todos millonario eurobonos vender al pais y canasta basica a q todo lo van hacer pero ese dinero que obtengan sera regalo del xq dios dara justicia en su momento la justicia de dios con sus hijitos sera implacable y omnipotente,destapar corrupcion existia contaminar despues ampliacion deuda comunidad internacional prestar carretera ademas concesion aeropuerto puerto mismo carretera millonario eurobono vender pais canasta basica dinero obtener regalo dios justicia momento justicia dios hijitos implacable omnipotente,34,0,0,0,0,0,2,channel,@quorumgt/videos,hace 2 años
Ugz8BbgcucTeHAjfvqJ4AaABAg,n8iP75gIpmw,UCpl8rF8uv_8uui-QRvuJaRA,@SergioGarcia-z9c,sergiogarcia-z9c,UCE4rsXcgDb6e1-a9iTbWzfg,Quorum,Señores con el salario de este señor almuerzo asta las ocho dela noche y me como un tortrix que vale la pena,señores con el salario de este señor almuerzo asta las ocho dela noche y me como un tortrix que vale la pena,salario almuerzo asta ocho dela noche tortrix valer pena,9,0,0,0,0,0,0,channel,@quorumgt/videos,hace 1 año
Ugz8fJcHTKHoEWJPwWt4AaABAg,j43HgwYFKfk,UClhMWQ7XKWywYvbRnuf8QsA,@EcPerez-zz9oh,ecperez-zz9oh,UCE4rsXcgDb6e1-a9iTbWzfg,Quorum,"Como sabes que son pajas, si las tienes dwvuelvelas.",como sabes que son pajas si las tienes dwvuelvelas,paja dwvuelvela,2,0,0,0,0,0,0,channel,@quorumgt/videos,hace 1 año
Ugz8hBV9j2KQGtMhPUR4AaABAg,is3Mk5oC19g,UC4kg7zuTfqQKLd2bkZrSYBA,@zoilagarcia9019,zoilagarcia9019,UCt5Dw7ePnn0AqPqRF8Xpjkw,TN23 Guatemala,Sinverguenza la ley maya y luego preso.,sinverguenza la ley maya y luego preso,sinverguenza ley maya luego preso,5,0,0,0,0,0,0,topic,guatemala noticias,hace 20 horas
Ugz8pKFUmjVv-zF8lvJ4AaABAg,n8iP75gIpmw,UCOLGv5Pf6BF2wFcwUzgcvHg,@welfrealdana5559,welfrealdana5559,UCE4rsXcgDb6e1-a9iTbWzfg,Quorum,La única que se filtro el mismo lo dijo son unos muertos de amber todos lis diputados tienen que pagar con su dinero para eso tienen un sueldo  no sean sucios,la única que se filtro el mismo lo dijo son unos muertos de amber todos lis diputados tienen que pagar con su dinero para eso tienen un sueldo no sean sucios,unico filtro mismo muerto amber lis diputado pagar dinero sueldo sucio,11,0,0,0,0,0,0,channel,@quorumgt/videos,hace 2 años
UgzBnKyfiTTp9djPTh54AaABAg,OkXlHx0hx-8,UCbNanjFI51cwGqMAb2rOrBw,@RosaMontesdeOca777,rosamontesdeoca777,UCRwA1NUcUnwsly35ikGhp0A,Noticias Telemundo,Fe esperanza oración perseverantes diariamente paz bien verdad amor claridad sabiduría justicia divina ❤😊,fe esperanza oración perseverantes diariamente paz bien verdad amor claridad sabiduría justicia divina,esperanza oracion perseverante diariamente paz verdad amor claridad sabiduria justicia divino,11,0,0,0,0,0,1,topic,guatemala noticias,hace 1 día
UgzBpiHQkRpqfeyCDwd4AaABAg,n8iP75gIpmw,UC2weSE8rpqkGMOp6StYtVfg,@katerynsantiago2907,katerynsantiago2907,UCE4rsXcgDb6e1-a9iTbWzfg,Quorum,que verguenza de jente..esto esto lo que logran parir las universidades..y estos corruptos nunca han hecho nada bueno x el pais..lo unico que han hecho es artarse caro a costillas del pueblo...que de aposol...,que verguenza de jente esto esto lo que logran parir las universidades y estos corruptos nunca han hecho nada bueno x el pais lo unico que han hecho es artarse caro a costillas del pueblo que de aposol,verguenza jente lograr parir universidad corrupto nunca hecho bueno pais unico hecho artarse caro costilla pueblo aposol,17,1,0,0,0,0,0,channel,@quorumgt/videos,hace 2 años
UgzDFSLs4n_6XtQjgjZ4AaABAg,lj983NWyAQY,UCyzf29IYjNw67gGIfsjgtxA,@carlosoliva9249,carlosoliva9249,UCXa6LVjBzUtmcM3cwbd9e2w,Municipalidad de Guatemala,"Impresionante 👏🏻👏🏻 la ciudad de Guatemala siempre ha tenido alcaldes de visión, Arzú siempre quizo ver una ciudad cosmopolita y de gran desarrollo, esperemos eso siga.",impresionante la ciudad de guatemala siempre ha tenido alcaldes de visión arzú siempre quizo ver una ciudad cosmopolita y de gran desarrollo esperemos eso siga,impresionante ciudad guatemala siempre alcalde vision arzu siempre quizo ver ciudad cosmopolita gran desarrollo esperar seguir,16,45,0,0,0,0,1,topic,Municipalidad de Guatemala,hace 7 años
UgzDK8qo7Il1yafNllJ4AaABAg,PjmxCj-a9Hg,UCzZ6dDCEsLMXbc5pCFXIprw,@josegil3813,josegil3813,UC-ZtFBHzgkYFh7whZkuR_Ag,Gobierno de la República de Guatemala,Adelante Excelentisimo Senor Presidente  Bernardo Arevalo de Leo'n   2028 - 2030.-,adelante excelentisimo senor presidente bernardo arevalo de leo n,adelante excelentisimo senor presidente bernardo arevalo leo,7,0,0,0,0,0,0,topic,@GobiernodeGuatemala,hace 1 año
UgzESrzC3abcN60poBF4AaABAg,lj983NWyAQY,UCaT6M2zp7X6r6Whd8Vv3kHQ,@alexarcos8349,alexarcos8349,UCXa6LVjBzUtmcM3cwbd9e2w,Municipalidad de Guatemala,Me encanta poner un negocio en Guatemala en un futuro no muy lejano.,me encanta poner un negocio en guatemala en un futuro no muy lejano,encantar negocio guatemala futuro lejano,5,1,0,0,0,0,0,topic,Municipalidad de Guatemala,hace 5 años
UgzFOdujc0-cy9W1Uv14AaABAg,n8iP75gIpmw,UC3NMzdMYryaw82kPTnsaljg,@marisosa7832,marisosa7832,UCE4rsXcgDb6e1-a9iTbWzfg,Quorum,Mientras los Guatemaltecos  muriendo de hambre,mientras los guatemaltecos muriendo de hambre,mientras guatemalteco morir hambre,4,0,0,0,0,0,0,channel,@quorumgt/videos,hace 2 años
UgzGYzecKVZyDzajKPV4AaABAg,n8iP75gIpmw,UCLggDc_a5HriXv7I1h02sOA,@guillermogonzalez5153,guillermogonzalez5153,UCE4rsXcgDb6e1-a9iTbWzfg,Quorum,"Cuando comen  puyaso,,,,,,y un niño  del campo come tortilla con sal  ,,,que es lo relevante  ,,,??",cuando comen puyaso y un niño del campo come tortilla con sal que es lo relevante,comer puyaso niño campo comer tortilla sal relevante,8,4,0,0,0,0,0,channel,@quorumgt/videos,hace 2 años
UgzH_SOr2gGO_dDna5J4AaABAg,n8iP75gIpmw,UCSou6a2OuYGSvPjm5psquyA,@FranciscoRivera-sf7ne,franciscorivera-sf7ne,UCE4rsXcgDb6e1-a9iTbWzfg,Quorum,Qué descaro de ese vividor,qué descaro de ese vividor,descaro vividor,2,0,0,0,0,0,0,channel,@quorumgt/videos,hace 2 años
UgzJ85lM1ogkB4KOk2d4AaABAg,PjmxCj-a9Hg,UCtNyHmRZtvGF2hSvI2dUBWw,@aureliomaldonado4793,aureliomaldonado4793,UC-ZtFBHzgkYFh7whZkuR_Ag,Gobierno de la República de Guatemala,Este presidente pendejo no va aser nada si no van a tapar baches menos van a avanzar en otras cosas ya están igual a México con la mañanera y no asen nada solo son abla mierda,este presidente pendejo no va aser nada si no van a tapar baches menos van a avanzar en otras cosas ya están igual a méxico con la mañanera y no asen nada solo son abla mierda,presidente pendejo aser tapar bache avanzar igual mexico mañanero asar abla mierda,12,0,0,0,0,0,0,topic,@GobiernodeGuatemala,hace 1 año
UgzKcy6Zr6Ele2EAo6J4AaABAg,lj983NWyAQY,UCGqKxQS-z3NZzZF-2w338AA,@samuelaguilar529,samuelaguilar529,UCXa6LVjBzUtmcM3cwbd9e2w,Municipalidad de Guatemala,"Me encantaría vivir por un tiempo en Guatemala.
Saludos desde México. :)",me encantaría vivir por un tiempo en guatemala saludos desde méxico,encantar vivir tiempo guatemala mexico,5,211,3,0,0,0,0,topic,Municipalidad de Guatemala,hace 7 años
UgzL_lyzP1gwPdnVQ3Z4AaABAg,yLZS3JiEBg8,UCXO1BBohNWXkK9SBDAG2ySg,@JBFlute92,jbflute92,UCE4rsXcgDb6e1-a9iTbWzfg,Quorum,Excelente trabajo !!,excelente trabajo,excelente trabajo,2,0,0,0,0,0,0,channel,@quorumgt/videos,hace 2 años
UgzMXsCXt9Lh-tk3fZd4AaABAg,6W4u8sGEnGM,UChyps3dqY-VY1_wLeq-2lhw,@maydamorales4395,maydamorales4395,UC-ZtFBHzgkYFh7whZkuR_Ag,Gobierno de la República de Guatemala,"Despues de tanta corrpcion y desfalco por los anteriores gobiernos ladrones que esperaba Rolando? ahora si se puede ver que los fondos de nuestros impuestos se estan usando en lo que deberian de haberse usado hace 40 anios, es muy bueno ver que al fin hay un presidente que esta trabajando no sentado atras de un escritorio llenandose las bolsas!",despues de tanta corrpcion y desfalco por los anteriores gobiernos ladrones que esperaba rolando ahora si se puede ver que los fondos de nuestros impuestos se estan usando en lo que deberian de haberse usado hace anios es muy bueno ver que al fin hay un presidente que esta trabajando no sentado atras de un escritorio llenandose las bolsas,despues corrpcion desfalco anterior gobierno ladron esperar rolar ver fondo impuesto usar deberian usar anios bueno ver fin presidente trabajar sentar atras escritorio llenar bolsa,25,14,1,0,0,0,0,topic,Gobierno de la República de Guatemala,hace 6 días
UgzMXsCXt9Lh-tk3fZd4AaABAg.A_zGMKwFBhPA_zWhjiGKb7,6W4u8sGEnGM,UCyJhqmMbsvjpoarBBStA2kg,@Murmullodelbarrio,murmullodelbarrio,UC-ZtFBHzgkYFh7whZkuR_Ag,Gobierno de la República de Guatemala,"Esoooooo 
Así mero es",esoooooo así mero es,esoooooo mero,2,1,0,0,0,0,0,topic,Gobierno de la República de Guatemala,hace 6 días
UgzM_dw7xZDkJJ8eYQ94AaABAg,n8iP75gIpmw,UCXgr7vXlRrsaskPdo097kGA,@Rogergh-nw4oj,rogergh-nw4oj,UCE4rsXcgDb6e1-a9iTbWzfg,Quorum,asi o mas envelequero...,asi o mas envelequero,envelequero,1,0,0,0,0,0,0,channel,@quorumgt/videos,hace 2 años
UgzMppllQcjsXkBLgiZ4AaABAg,n8iP75gIpmw,UCylqlpsh8ENNM1LqgQ1KbxA,@Jel.Awesh.M,jel.awesh.m,UCE4rsXcgDb6e1-a9iTbWzfg,Quorum,Y eso es a lo que sale a luz ¿qué más  nos esconderán?,y eso es a lo que sale a luz qué más nos esconderán,salar luz esconder,3,0,0,0,0,0,0,channel,@quorumgt/videos,hace 1 año
UgzOB-KAGGElQGAPxEZ4AaABAg,n8iP75gIpmw,UC4cXueR2bKGFJV0Fk76gwmA,@aluxdel4792,aluxdel4792,UCE4rsXcgDb6e1-a9iTbWzfg,Quorum,"Por qué hay 160 diPUTAdos ? Máximo deberían ser 80 diPUTAdos , hambrientos porque saben que el pueblo paga y hasta da propina. Y mientras tanto en el corredor seco la gente se está muriendo de hambre",por qué hay diputados máximo deberían ser diputados hambrientos porque saben que el pueblo paga y hasta da propina y mientras tanto en el corredor seco la gente se está muriendo de hambre,diputado maximo diputado hambriento pueblo paga propina mientras corredor seco morir hambre,12,0,0,0,0,0,0,channel,@quorumgt/videos,hace 1 año
UgzOGr7KGQ9pa-CJdgN4AaABAg,n8iP75gIpmw,UCNBnKqWf4d-rS4HwJRQljmQ,@LE_A22,le_a22,UCE4rsXcgDb6e1-a9iTbWzfg,Quorum,"Ósea que por ser diputados TIENEN QUE TENER PRIVILEGIOS A HUEVOS?  25 mil al mes más dietas,mocos etc. pero hablemos de 25 mil,ese ese el salario de 5 ó 6 meses de un ciudadano de a pie… y no tiene carro comida,tel etc gratis como estas ratas,y entre esos diputados los de la junta,los jefes de bloque son los más chuchos,pero quiere justificar todo como que fuese un derecho  y ellos fuesen reyes del país",ósea que por ser diputados tienen que tener privilegios a huevos mil al mes más dietas mocos etc pero hablemos de mil ese ese el salario de ó meses de un ciudadano de a pie y no tiene carro comida tel etc gratis como estas ratas y entre esos diputados los de la junta los jefes de bloque son los más chuchos pero quiere justificar todo como que fuese un derecho y ellos fuesen reyes del país,oseo diputado privilegio huevo mil mes dieta moco etcetera hablar mil salario mes ciudadano pie carro comida tel etcetera gratis rata diputado junta jefe bloque chucho justificar derecho rey pais,30,0,0,0,0,0,0,channel,@quorumgt/videos,hace 2 años
UgzOYjc2Ii04ZArW7vF4AaABAg,n8iP75gIpmw,UCmvOgzmmXbjUthHy-WJ52hQ,@mariorodas593,mariorodas593,UCE4rsXcgDb6e1-a9iTbWzfg,Quorum,Eso del ferrogaril nunca se va a realisar.,eso del ferrogaril nunca se va a realisar,ferrogaril nunca realisar,3,1,0,0,0,0,0,channel,@quorumgt/videos,hace 2 años
UgzOeIbOqa0dhaWyj_B4AaABAg,s0eco-BofOs,UC6xI_MOaxajIWpoP8BH6E_Q,@jahirdiaz5862,jahirdiaz5862,UCE4rsXcgDb6e1-a9iTbWzfg,Quorum,wooow,wooow,wooow,1,0,0,0,0,0,0,channel,@quorumgt/videos,hace 1 año
UgzPExq20lnf7-8d7_p4AaABAg,lj983NWyAQY,UCtMBF_1O2jY2INlb_luuB_A,@mynorgudiel8646,mynorgudiel8646,UCXa6LVjBzUtmcM3cwbd9e2w,Municipalidad de Guatemala,Que Bonita ciudad mi Guatemala como te extraño algún día regresaremos saludos a todos los paisanos que estamos en el extranjero,que bonita ciudad mi guatemala como te extraño algún día regresaremos saludos a todos los paisanos que estamos en el extranjero,bonito ciudad guatemala extraño alguno dia regresar paisano extranjero,9,15,0,0,0,0,0,topic,Municipalidad de Guatemala,hace 7 años
UgzQTWwjC_XVPUNxuXp4AaABAg,OkXlHx0hx-8,UCrqXyRsg-_hTosURZ-uvoKg,@flornolberto2425,flornolberto2425,UCRwA1NUcUnwsly35ikGhp0A,Noticias Telemundo,Que desgraciados sin Corazón y porque mandarlos a un pais del que no pertenesen ???? Si los  deportan por lo menos deverian de hacerlo al pais que pertenesen haci la familia puede verlos y ver sus nesecidad.,que desgraciados sin corazón y porque mandarlos a un pais del que no pertenesen si los deportan por lo menos deverian de hacerlo al pais que pertenesen haci la familia puede verlos y ver sus nesecidad,desgraciado corazon mandar pais pertener deportar deveriar pais pertener haci familia verlos ver nesecidad,14,0,0,0,0,0,0,topic,guatemala noticias,hace 1 día
UgzRlz8OqalaHh8EnUl4AaABAg,OkXlHx0hx-8,UCGZMgmM92E3njyXNe9-kjAQ,@pasionpornada,pasionpornada,UCRwA1NUcUnwsly35ikGhp0A,Noticias Telemundo,""" Ayudanos a luchar contra el racismo y los malos tratos; vete de regreso a tu pais""
                                              Someone.",ayudanos a luchar contra el racismo y los malos tratos vete de regreso a tu pais someone,ayuda luchar racismo malo trato verse regreso pais someone,9,2,1,0,0,0,0,topic,guatemala noticias,hace 1 día (editado)
UgzRlz8OqalaHh8EnUl4AaABAg.Aa9hqaKl_ywAaB_OUjpKKh,OkXlHx0hx-8,UCi2KiZq63sRq8Mfbcp-MelQ,@eugeneramirez4405,eugeneramirez4405,UCRwA1NUcUnwsly35ikGhp0A,Noticias Telemundo,"It ghe LAW 
You don't make your own rules!",it ghe law you don t make your own rules,ghe law you don make your own rular,8,0,0,0,0,0,0,topic,guatemala noticias,hace 20 horas
UgzRyWsi9Ed1wsXKgwd4AaABAg,yLZS3JiEBg8,UCOY3XpD9qMCRSA8AA8c4CAw,@franciscorodas9686,franciscorodas9686,UCE4rsXcgDb6e1-a9iTbWzfg,Quorum,Muy buena explicación para entender los carteles y la necesidad de una Ley de Competencia. Felicitaciones.,muy buena explicación para entender los carteles y la necesidad de una ley de competencia felicitaciones,buen explicacion entender cartel necesidad ley competencia felicitacion,8,1,0,0,0,0,0,channel,@quorumgt/videos,hace 2 años
UgzSjpcAY2zvJ6i-poh4AaABAg,is3Mk5oC19g,UCfRqgt2O-vjzUDMZY_tnxQw,@Williams-Garcia67E,williams-garcia67e,UCt5Dw7ePnn0AqPqRF8Xpjkw,TN23 Guatemala,Robando en una iglesia eso es un gran pecado,robando en una iglesia eso es un gran pecado,robar iglesia gran pecado,4,0,0,0,0,0,0,topic,guatemala noticias,hace 23 horas
UgzSu6dFpC7PrEYl7AF4AaABAg,n8iP75gIpmw,UC9vMq1YF-e7C-VO0SHkbUTA,@ErvinLeonardoCarreraLatín,ervinleonardocarreralat%c3%adn,UCE4rsXcgDb6e1-a9iTbWzfg,Quorum,Este señor le vale cuánto es el valor del almuerzo de un pobre y cuánto gana la población  más pobre,este señor le vale cuánto es el valor del almuerzo de un pobre y cuánto gana la población más pobre,valer cuanto valor almuerzo pobre cuanto gana poblacion pobre,9,0,0,0,0,0,0,channel,@quorumgt/videos,hace 2 años
UgzT_1dx4pvgJTFMsnZ4AaABAg,6W4u8sGEnGM,UCp29O_C7cchZV8IxV7Crdag,@robertoescobar5507,robertoescobar5507,UC-ZtFBHzgkYFh7whZkuR_Ag,Gobierno de la República de Guatemala,"Parafraseando a Bukele, cuando no hay hueveo el pisto alcanza.",parafraseando a bukele cuando no hay hueveo el pisto alcanza,parafrasear bukele huevear pisto alcanzar,5,0,0,0,0,0,0,topic,Gobierno de la República de Guatemala,hace 5 días (editado)
UgzTqBd3og9IPuVu3o94AaABAg,n8iP75gIpmw,UCrJn_rbo_ENAdeqneS-RmRw,@josecarrera9623,josecarrera9623,UCE4rsXcgDb6e1-a9iTbWzfg,Quorum,se be q ese neri rodas kiere seguir comiendo acostillas de los pobres de guatemala verguenza no conose,se be q ese neri rodas kiere seguir comiendo acostillas de los pobres de guatemala verguenza no conose,neri roda kiere seguir comer acostillar pobre guatemala verguenza cono,10,1,0,0,0,0,0,channel,@quorumgt/videos,hace 2 años
UgzU2eLo006-Cz6rYLZ4AaABAg,ndAZjHqzzT8,UCjJf-AJKRFFWtiN-CSwkDmA,@2jose82,2jose82,UCE4rsXcgDb6e1-a9iTbWzfg,Quorum,En Tigo tienen una práctica que se llama falla programada y como lo dice el nombre lo hacen para obligar a los a clientes a migrar a nuevos servicios que seguramente podrían llegar a ser más caros o para que paguen x adelantado en el caso del internet residencial sin contrato,en tigo tienen una práctica que se llama falla programada y como lo dice el nombre lo hacen para obligar a los a clientes a migrar a nuevos servicios que seguramente podrían llegar a ser más caros o para que paguen x adelantado en el caso del internet residencial sin contrato,tigo practica llama falla programar nombre obligar cliente migrar nuevo servicio seguramente llegar caro pagar adelantado caso internet residencial contrato,20,0,0,0,0,0,0,channel,@quorumgt/videos,hace 1 año
UgzVRaRar_M-cPPi92x4AaABAg,is3Mk5oC19g,UCBtB5dIyx-C16UN8ClUD2UA,@alexmonzon4257,alexmonzon4257,UCt5Dw7ePnn0AqPqRF8Xpjkw,TN23 Guatemala,Parece hijo del policia que esta a su lado...,parece hijo del policia que esta a su lado,parecer hijo policia lado,4,0,0,0,0,0,0,topic,guatemala noticias,hace 17 horas
UgzVSZ19e2Cc28bFi-94AaABAg,n8iP75gIpmw,UCDUffaruH6dyUnUGwsTKpgg,@luisletona2842,luisletona2842,UCE4rsXcgDb6e1-a9iTbWzfg,Quorum,Pobrecito dipucaco,pobrecito dipucaco,pobrecitar dipucaco,2,2,0,0,0,0,0,channel,@quorumgt/videos,hace 2 años
UgzVsPOuFAogocL8wKB4AaABAg,6W4u8sGEnGM,UCgGqw4aqMdMVSGkKiMgrJRQ,@pattyfigueroa5609,pattyfigueroa5609,UC-ZtFBHzgkYFh7whZkuR_Ag,Gobierno de la República de Guatemala,Interesante 😊 de haya cosas buenas en el país de guatemala.con el puente Belice dos.,interesante de haya cosas buenas en el país de guatemala con el puente belice dos,interesante pais guatemala puente belice dos,6,0,0,0,0,0,1,topic,Gobierno de la República de Guatemala,hace 4 días
UgzWNBqTQMz8ba4pbUd4AaABAg,j43HgwYFKfk,UC32oozucwCF3q8d4m8fyOUg,@RauldejesusOlivagonzalez,rauldejesusolivagonzalez,UCE4rsXcgDb6e1-a9iTbWzfg,Quorum,La pregunta  es.quetanto poder tiene ese delicuente de. Masariego  porque es impone ese indibidodespierte amigo unibersitarios que pasa,la pregunta es quetanto poder tiene ese delicuente de masariego porque es impone ese indibidodespierte amigo unibersitarios que pasa,pregunta quetanto delicontar masariego imponer indibidodespertar amigo unibersitario pasar,9,0,0,0,0,0,0,channel,@quorumgt/videos,hace 6 meses
UgzWNJK42U_F1IKlwwh4AaABAg,n8iP75gIpmw,UCvApqeCbLod-wejtT4CcVuA,@davidgaher9550,davidgaher9550,UCE4rsXcgDb6e1-a9iTbWzfg,Quorum,"Prepotente todavía, ni vergüenza tienen, gastar como no les cuesta nada deberían pagarlo con sus propio sueldo",prepotente todavía ni vergüenza tienen gastar como no les cuesta nada deberían pagarlo con sus propio sueldo,prepotente todavia verguenza gastar costar pagar propio sueldo,8,15,0,0,0,0,0,channel,@quorumgt/videos,hace 2 años
UgzWs20muY6Ghm9Z7094AaABAg,JkpVO1hx2f8,UCHGd14aYuZZShLD73dkk6mg,@noemiherrera3152,noemiherrera3152,UCE4rsXcgDb6e1-a9iTbWzfg,Quorum,Fue emocionante! ❤🥹,fue emocionante,emocionante,1,0,0,0,0,0,1,channel,@quorumgt/videos,hace 1 año
UgzXDN6uNEworKy3uqZ4AaABAg,n8iP75gIpmw,UCiMythXHsw7eQEMykCdmMUA,@JavierBecerra-h6x,javierbecerra-h6x,UCE4rsXcgDb6e1-a9iTbWzfg,Quorum,"Con la venta de fertilizantes se repone todo lo gastado y queda ganancia todavía, dice que tiene 40 agroservicios.",con la venta de fertilizantes se repone todo lo gastado y queda ganancia todavía dice que tiene agroservicios,venta fertilizante reponer gastar queda ganancia todavia agroservicio,8,2,0,0,0,0,0,channel,@quorumgt/videos,hace 2 años
UgzYz6n8mPI0dBWsP2h4AaABAg,j43HgwYFKfk,UC-fiZBS5Gp1eCJd9ucgWnCg,@Tommii.10,tommii.10,UCE4rsXcgDb6e1-a9iTbWzfg,Quorum,Hay que sacar a como de lugar a estos 37 miembros del consejo que cumplieron su tiempo y colocar una denuncia penal contra estos que están usurpado los cargos en el CSU,hay que sacar a como de lugar a estos miembros del consejo que cumplieron su tiempo y colocar una denuncia penal contra estos que están usurpado los cargos en el csu,sacar lugar miembro consejo cumplir tiempo colocar denuncia penal usurpar cargo csu,12,6,0,0,0,0,0,topic,@quorumgt,hace 1 año
UgzZMPOIKJlwEpgh7zd4AaABAg,b_Hkrkl3adA,UC5PrBbmUlQolwqmiru7yZhw,@lazarochavez8269,lazarochavez8269,UCEepOY2svuxbsJ-zsAPT9Fg,PrensaLibreOficial,Porque estan aciendo protestas si la gasolina aun subira mas de precio yo claro les edicho que si Nosotros perdemos la guerra Con Irán 🇮🇷 ustedes países como Mexico Guatemala todos los países del mundo 🌎no podrán comprar gasolina porque el galón subira $10. por galón cuánto es esto en tu país es mucho dinero saludos desde mi hermoso país 🇺🇸🇺🇸💵🦅🇺🇸🇺🇸♥️,porque estan aciendo protestas si la gasolina aun subira mas de precio yo claro les edicho que si nosotros perdemos la guerra con irán ustedes países como mexico guatemala todos los países del mundo no podrán comprar gasolina porque el galón subira por galón cuánto es esto en tu país es mucho dinero saludos desde mi hermoso país,aciendo protesta gasolina aun subira precio claro edicho perder guerra pais mexico guatemala pais mundo comprar gasolina galon subira galon cuanto pais dinero hermoso pais,25,0,1,0,0,0,3,topic,guatemala noticias,hace 5 horas
UgzZMPOIKJlwEpgh7zd4AaABAg.AaB6SZj2UadAaBRkGrUAJI,b_Hkrkl3adA,UC094EFEmMSdwVa8NQjjYBXg,@CelestinoQuej-j7k,celestinoquej-j7k,UCEepOY2svuxbsJ-zsAPT9Fg,PrensaLibreOficial,Pero ay que entender esta a 10 o un poco MAs de impuesto x galon en en Guatemala,pero ay que entender esta a o un poco mas de impuesto x galon en en guatemala,entender impuesto galon guatemala,4,0,0,0,0,0,0,topic,guatemala noticias,hace 2 horas
UgzZMPOIKJlwEpgh7zd4AaABAg.AaB6SZj2UadAaCH5adXxCo,b_Hkrkl3adA,UCGm3gRBEHGRJYmtCryZLtDw,@JoséLopez-g6k,jos%c3%a9lopez-g6k,UCEepOY2svuxbsJ-zsAPT9Fg,PrensaLibreOficial,Pues  dile a tu presidente que deje de andar haciendo guerra a lo baboseo .,pues dile a tu presidente que deje de andar haciendo guerra a lo baboseo,pues dile presidente dejar andar guerra baboseo,7,0,0,0,0,0,0,topic,guatemala noticias,hace 13 horas
UgzZc-W-gVj1t4SXc-54AaABAg,lj983NWyAQY,UCwUAv3_LpWVtTIi7lkmTL7A,@kingr4706,kingr4706,UCXa6LVjBzUtmcM3cwbd9e2w,Municipalidad de Guatemala,"Sería muy bueno que hicieran eso, y que también mejoren muchas cosas no solo en la capital. Ojalá antes lo hagan.
Vamos Guate, saldremos adelante con pasos pequeño pero firmes 🇬🇹❤️🇬🇹",sería muy bueno que hicieran eso y que también mejoren muchas cosas no solo en la capital ojalá antes lo hagan vamos guate saldremos adelante con pasos pequeño pero firmes,bueno mejorar capital ojala guate salir adelante paso pequeño firme,10,16,0,0,0,0,1,topic,Municipalidad de Guatemala,hace 6 años
UgzaTUgOy4ekC0xQoFt4AaABAg,n8iP75gIpmw,UC5H8ASmMC9WrURmzeB4ySog,@ManuelEdran,manueledran,UCE4rsXcgDb6e1-a9iTbWzfg,Quorum,Es su obligacion trabajar...no se aproveche,es su obligacion trabajar no se aproveche,obligacion trabajar aprovechar,3,1,0,0,0,0,0,channel,@quorumgt/videos,hace 2 años
UgzaWev1Ju6338Y7Ehl4AaABAg,ndAZjHqzzT8,UC5wuDq3U3vRAhOQI3D7gNdw,@allanreneramirezgonzalez534,allanreneramirezgonzalez534,UCE4rsXcgDb6e1-a9iTbWzfg,Quorum,"Excelente informacion, me suscribí al canal por una publicacion en FB",excelente informacion me suscribí al canal por una publicacion en fb,excelente informacion suscribir publicacion,4,2,1,0,0,0,0,channel,@quorumgt/videos,hace 2 años
UgzaWev1Ju6338Y7Ehl4AaABAg.A3Wof66r37mA3WrEtkJyep,ndAZjHqzzT8,UCvcu1kR8xMYy_I1Ty-2mV2Q,@hashojea7348,hashojea7348,UCE4rsXcgDb6e1-a9iTbWzfg,Quorum,Me pasó,me pasó,pasar,1,0,0,0,0,0,0,channel,@quorumgt/videos,hace 2 años
Ugzb66mq9Rv0T7aalfJ4AaABAg,n8iP75gIpmw,UCXXh7yg5KUFIWylTiKVEFKQ,@MrDuenderojo,mrduenderojo,UCE4rsXcgDb6e1-a9iTbWzfg,Quorum,El poeta de el diablo el portillo... y no que muy honesto el pastorcito  pues......,el poeta de el diablo el portillo y no que muy honesto el pastorcito pues,poeta diablo portillo honesto pastorcitar pues,6,1,0,0,0,0,0,channel,@quorumgt/videos,hace 2 años
UgzcJTEHjaN8bEV8Hfd4AaABAg,n8iP75gIpmw,UC3XTwHxygNCgjndsg-UiCQA,@marioajset4283,marioajset4283,UCE4rsXcgDb6e1-a9iTbWzfg,Quorum,"Julio Héctor Estrada, que triste que inconsciencia.",julio héctor estrada que triste que inconsciencia,julio hector estrada triste inconsciencia,5,1,0,0,0,0,0,channel,@quorumgt/videos,hace 2 años
UgzcVyiuFGJ0Yv0C4Zt4AaABAg,n8iP75gIpmw,UCsJJAvrVGupdmhOqgtDp8dg,@nestorlorenzana1168,nestorlorenzana1168,UCE4rsXcgDb6e1-a9iTbWzfg,Quorum,Mentiras los diputados no ganan Q25mil......Ellos ganan Q45mil....no sea mentiroso,mentiras los diputados no ganan q mil ellos ganan q mil no sea mentiroso,mentira diputado ganar mil ganar mil mentiroso,7,1,0,0,0,0,0,channel,@quorumgt/videos,hace 2 años
Ugzd2CVlJWOmHWBPSkN4AaABAg,n8iP75gIpmw,UCQ_-LPP8JAbfkc-b1Q6NvWw,@MegaKristenstewart,megakristenstewart,UCE4rsXcgDb6e1-a9iTbWzfg,Quorum,Diputados ladrones sin verguenza por eso guate nunca va salir adelante que pena.,diputados ladrones sin verguenza por eso guate nunca va salir adelante que pena,diputado ladron verguenza guate nunca salir adelante pena,8,0,0,0,0,0,0,channel,@quorumgt/videos,hace 2 años
UgzeCbhVJhOJATewi5J4AaABAg,n8iP75gIpmw,UCtNfIBnc5S5DbbQj_yxgJTw,@JosueRamirez-ey3ih,josueramirez-ey3ih,UCE4rsXcgDb6e1-a9iTbWzfg,Quorum,Mantenidos,mantenidos,mantener,1,1,0,0,0,0,0,channel,@quorumgt/videos,hace 2 años
UgzfLTatI6lJD6Z_u_94AaABAg,6W4u8sGEnGM,UC-Iul5tDYH_oiAMXQH-KaaQ,@AlbertoMancilla-p9h,albertomancilla-p9h,UC-ZtFBHzgkYFh7whZkuR_Ag,Gobierno de la República de Guatemala,Wooooooooooooooooooooooooow calidad va llegará el tren asta izabal puerto Barrios el Atlántico y pacifico va ser súper lindo proyecto va ver mucho trabajo en el país saludos desde USA 🇺🇸 🎉,wooooooooooooooooooooooooow calidad va llegará el tren asta izabal puerto barrios el atlántico y pacifico va ser súper lindo proyecto va ver mucho trabajo en el país saludos desde usa,wooooooooooooooooooooooooow calidad llegar tren asta izabal puerto barrio atlantico pacificar super lindo proyecto ver trabajo pais usar,17,1,0,0,0,0,2,topic,Gobierno de la República de Guatemala,hace 6 días
UgzfXuFsM8L3Qt6qWJV4AaABAg,WIUZtitfLRw,UCyW68EGZey4ao_Vf2cR5Ztg,@ZabalaXabier,zabalaxabier,UCE4rsXcgDb6e1-a9iTbWzfg,Quorum,"Y los popos por las calles, humanos y de perros principalmente, nadie los limpia, un problema de seguridad vial y de salud pública. Hay que hacer algo más por los peatones.",y los popos por las calles humanos y de perros principalmente nadie los limpia un problema de seguridad vial y de salud pública hay que hacer algo más por los peatones,popos calle humano perro principalmente nadie limpio problema seguridad vial salud publico peaton,13,0,0,0,0,0,0,channel,@quorumgt/videos,hace 1 año
Ugzfc9D5wlSKYgY5Jrh4AaABAg,OkXlHx0hx-8,UCZjm6U576nX8WOiLhmMR3bw,@MariaNavarroYT,marianavarroyt,UCRwA1NUcUnwsly35ikGhp0A,Noticias Telemundo,Cuantas maldad😢😢😢,cuantas maldad,cuanto maldad,2,3,1,0,0,0,1,topic,guatemala noticias,hace 1 día
Ugzfc9D5wlSKYgY5Jrh4AaABAg.Aa9bbFyRF_AAaB_C3DtL_L,OkXlHx0hx-8,UCi2KiZq63sRq8Mfbcp-MelQ,@eugeneramirez4405,eugeneramirez4405,UCRwA1NUcUnwsly35ikGhp0A,Noticias Telemundo,Mexico deports people all the time! So. Why is this different??,mexico deports people all the time so why is this different,mexico deports people all the timar why this different,9,1,0,0,0,0,0,topic,guatemala noticias,hace 20 horas
Ugzhc5zg6rDOR3ltTAZ4AaABAg,j43HgwYFKfk,UC_LYoGs5C3mbZKZuKuqYCvw,@javiercifuentesarchila6041,javiercifuentesarchila6041,UCE4rsXcgDb6e1-a9iTbWzfg,Quorum,Gracias por explicarlo!,gracias por explicarlo,explicar,1,7,0,0,0,0,0,topic,@quorumgt,hace 1 año
UgzhjFXjeUslGQMZ7KB4AaABAg,6W4u8sGEnGM,UCRfkkatKrNtAARnXMMYBGlA,@BernerSoza-mg3vx,bernersoza-mg3vx,UC-ZtFBHzgkYFh7whZkuR_Ag,Gobierno de la República de Guatemala,Que se termine la corrupcion para construier obras como estas  correjir el pais mano dura,que se termine la corrupcion para construier obras como estas correjir el pais mano dura,terminar corrupcion construier obra correjir pais mano durar,8,0,0,0,0,0,0,topic,Gobierno de la República de Guatemala,hace 5 días
UgzhtSisQXcyX7bqkzB4AaABAg,n8iP75gIpmw,UCA93ym2TXs_Ibyxb4Vcn-6Q,@oswaldosolis8728,oswaldosolis8728,UCE4rsXcgDb6e1-a9iTbWzfg,Quorum,"Tiene razón el diputado, le dan importancia a babosaditas",tiene razón el diputado le dan importancia a babosaditas,razon diputado importancia babosadita,4,0,0,0,0,0,0,channel,@quorumgt/videos,hace 2 años
Ugzi82q6lRyjtKUL5lV4AaABAg,n8iP75gIpmw,UCAmtbUiIrUIhikru0ZoTFig,@Aura-vf6dm,aura-vf6dm,UCE4rsXcgDb6e1-a9iTbWzfg,Quorum,SON CÍNICOS,son cínicos,cinico,1,7,0,0,0,0,0,channel,@quorumgt/videos,hace 2 años
Ugzin8yr1Zz1k47GsSp4AaABAg,n8iP75gIpmw,UCr1emrogPKkKTs_WTtx71xg,@domingopeneleu6457,domingopeneleu6457,UCE4rsXcgDb6e1-a9iTbWzfg,Quorum,Ay ricos shucos en la calle jajaja,ay ricos shucos en la calle jajaja,rico shucos calle,3,0,0,0,0,0,0,channel,@quorumgt/videos,hace 2 años
UgzjFGboqNxQ7BcH0bZ4AaABAg,lj983NWyAQY,UCRznz9-N3Qc1w-qNdLSIY2Q,@jimmygomez724,jimmygomez724,UCXa6LVjBzUtmcM3cwbd9e2w,Municipalidad de Guatemala,Hermosa cuidad de guatemala saludos desde el salvador,hermosa cuidad de guatemala saludos desde el salvador,hermoso cuidar guatemala salvador,4,14,0,0,0,0,0,topic,Municipalidad de Guatemala,hace 6 años
UgzjqVqTKYeOrM1kW0F4AaABAg,lj983NWyAQY,UCY7Hq7F9Lnucf-Yr6JkHZNw,@maynorcalel1442,maynorcalel1442,UCXa6LVjBzUtmcM3cwbd9e2w,Municipalidad de Guatemala,Primero Dios,primero dios,primero dios,2,79,0,0,0,0,0,topic,Municipalidad de Guatemala,hace 7 años
Ugzk5XnOVKoVj8FiOCB4AaABAg,OkXlHx0hx-8,UC-QOpE7GOxlXcHZ8b7HbQKA,@mariaalexander427,mariaalexander427,UCRwA1NUcUnwsly35ikGhp0A,Noticias Telemundo,Y??? Entraron ilegalmente a un pais AJENO!! No tenemos obligacion de dejarlos en las puertas de sus ranchos! Problema de otro gobierno!🇺🇸💪🗽⚖️✈️✈️✈️,y entraron ilegalmente a un pais ajeno no tenemos obligacion de dejarlos en las puertas de sus ranchos problema de otro gobierno,entrar ilegalmente pais ajeno obligacion dejar puerta rancho problema gobierno,10,0,0,0,0,0,1,topic,guatemala noticias,hace 1 día
UgzlqevYeQWpdUl_KON4AaABAg,n8iP75gIpmw,UCjSKM9j0Q7HLDr1hD6D-TUw,@josehidalgo4875,josehidalgo4875,UCE4rsXcgDb6e1-a9iTbWzfg,Quorum,Solo lo que sale a luz se da cuenta el pueblo de lo que hasen estos malvados y lo que hasen a escondidas quien les dise algo estos bien bien comidos y el pueblo que en eso yo mismo se los e dicho que el que sale beneficiado en todo es el político ustedes creen que se preocupan x el pueblo yo siempre les e dicho que solo las sobras le dejan al pueblo x que esta clase de gente solo tiene que ver primero sus intereses y lo demás les vale madre,solo lo que sale a luz se da cuenta el pueblo de lo que hasen estos malvados y lo que hasen a escondidas quien les dise algo estos bien bien comidos y el pueblo que en eso yo mismo se los e dicho que el que sale beneficiado en todo es el político ustedes creen que se preocupan x el pueblo yo siempre les e dicho que solo las sobras le dejan al pueblo x que esta clase de gente solo tiene que ver primero sus intereses y lo demás les vale madre,salar luz cuenta pueblo hasen malvado hasen esconder dise comer pueblo mismo dicho salar beneficiado politico creer preocupar pueblo siempre dicho sobrar dejar pueblo clase ver primero interes demas valer madre,31,2,0,0,0,0,0,channel,@quorumgt/videos,hace 2 años
Ugzm7wFhhdctNQt_ubl4AaABAg,06mFNPU0aB8,UCwCfs-2zbD5k0lG-UVg_JBw,@JessicaHuaz-96,jessicahuaz-96,UCVpSRoZgngfSL03Nlbjtq9A,Noti7,Al fin hicieron algo bueno los polis👏👏👏👏👏,al fin hicieron algo bueno los polis,fin bueno polis,3,0,0,0,0,0,1,topic,guatemala noticias,hace 2 semanas
UgzmBKXDgncBFsDjRwd4AaABAg,n8iP75gIpmw,UC72gBAtyb_VXQlYDcFrh6oQ,@osmanmorales3012,osmanmorales3012,UCE4rsXcgDb6e1-a9iTbWzfg,Quorum,Siempre tienen excusa,siempre tienen excusa,siempre excusa,2,1,0,0,0,0,0,channel,@quorumgt/videos,hace 2 años
UgzmBVMoFVO53-_ZZ-54AaABAg,PjmxCj-a9Hg,UC8xlJWNHz1V_W6q3fbuQH8g,@NormaLópez-v7e,normal%c3%b3pez-v7e,UC-ZtFBHzgkYFh7whZkuR_Ag,Gobierno de la República de Guatemala,Excelente señor ministro.,excelente señor ministro,excelente ministro,2,1,0,0,0,0,0,topic,@GobiernodeGuatemala,hace 1 año
UgzpHaLJJjoD9FnKO6p4AaABAg,6W4u8sGEnGM,UCyJhqmMbsvjpoarBBStA2kg,@Murmullodelbarrio,murmullodelbarrio,UC-ZtFBHzgkYFh7whZkuR_Ag,Gobierno de la República de Guatemala,Viva nuestra Guatemala bendita y viva nuestro presidente Bernardo Arévalo,viva nuestra guatemala bendita y viva nuestro presidente bernardo arévalo,vivar guatemala bendecir vivar presidente bernardo arevalo,7,5,0,0,0,0,0,topic,Gobierno de la República de Guatemala,hace 6 días
UgzpdnDQDBV6UZ96GZh4AaABAg,PjmxCj-a9Hg,UCgQJgI9vu1FI2dnC9mrFthw,@srms70,srms70,UC-ZtFBHzgkYFh7whZkuR_Ag,Gobierno de la República de Guatemala,NO QUEREMOS EL TREN MAYA EN GUATEMALA,no queremos el tren maya en guatemala,tren maya guatemala,3,2,0,0,0,0,0,topic,@GobiernodeGuatemala,hace 1 año
UgzpzyaFY6F6IdFxzk14AaABAg,n8iP75gIpmw,UCLFdHr9BEbXHkoJopbEPLZw,@kanterra4584,kanterra4584,UCE4rsXcgDb6e1-a9iTbWzfg,Quorum,Por lo general es así cuando los sujetos provienen de bajos estratos de la sociedad y son tirados con honda.,por lo general es así cuando los sujetos provienen de bajos estratos de la sociedad y son tirados con honda,general sujeto provenir bajo estrato sociedad tirado honda,8,11,0,0,0,0,0,channel,@quorumgt/videos,hace 2 años
UgzrrbkpudLqNqr7s6R4AaABAg,n8iP75gIpmw,UCRETAiYdh2dL5ZxB0_N1zDA,@Joseroland21,joseroland21,UCE4rsXcgDb6e1-a9iTbWzfg,Quorum,"A todos no a unos si 😂
Mejor no hubiera se hubiera entrevistado. 😂

Un calcetín el
Señor. Abre la boca y meta la pata",a todos no a unos si mejor no hubiera se hubiera entrevistado un calcetín el señor abre la boca y meta la pata,mejor entrevistar calcetin abrir boca meta pata,7,0,0,0,0,0,2,channel,@quorumgt/videos,hace 2 años
Ugzs8eXa8mdQ8wlS4FZ4AaABAg,lj983NWyAQY,UCi-vPdnpQreC7BkFs40mJGA,@bryansicasales4280,bryansicasales4280,UCXa6LVjBzUtmcM3cwbd9e2w,Municipalidad de Guatemala,"Es un proyecto extraordinario , vamos adelante mi guate hermosa!",es un proyecto extraordinario vamos adelante mi guate hermosa,proyecto extraordinario adelante guate hermoso,5,35,0,0,0,0,0,topic,Municipalidad de Guatemala,hace 7 años
UgztKpwRx20oET8wGLJ4AaABAg,PjmxCj-a9Hg,UCHTGCgY2l-DQJIvlA_cpa_Q,@virgiliogarcia3039,virgiliogarcia3039,UC-ZtFBHzgkYFh7whZkuR_Ag,Gobierno de la República de Guatemala,Con mucho Respeto  sen̈or presidente lo saludo y que Dios los vendiga lo unico que le pido que mencione y hagan algo por la seguridad del pais ya que siguen matando personas trabajadores y honrradas hagan algo con esos delincuentes .,con mucho respeto sen or presidente lo saludo y que dios los vendiga lo unico que le pido que mencione y hagan algo por la seguridad del pais ya que siguen matando personas trabajadores y honrradas hagan algo con esos delincuentes,respeto sen presidente saludo dios vendiga unico pedir mencionar seguridad pais seguir matar persona trabajador honrrada delincuente,17,1,0,0,0,0,0,topic,@GobiernodeGuatemala,hace 1 año
UgzuugQO6qMSbkVsdGp4AaABAg,PjmxCj-a9Hg,UCtNyHmRZtvGF2hSvI2dUBWw,@aureliomaldonado4793,aureliomaldonado4793,UC-ZtFBHzgkYFh7whZkuR_Ag,Gobierno de la República de Guatemala,Pregúntenle si se acuerda de la marca del vino que se toma todos los días,pregúntenle si se acuerda de la marca del vino que se toma todos los días,preguntar acordar marca vino toma dia,6,1,0,0,0,0,0,topic,@GobiernodeGuatemala,hace 1 año
UgzvKLXKEkVzjn_XRHp4AaABAg,n8iP75gIpmw,UCsjs5Hp_r86x1xbK6FAeqaA,@alvaroesquivel563,alvaroesquivel563,UCE4rsXcgDb6e1-a9iTbWzfg,Quorum,Eso es exactamente lo que significa la verdadera politica: dividirse la riqueza del país entre unos cuantos. Sólo se puede guardar por todos estos delincuentes políticos un sentimiento de vivisima repugnancia.-,eso es exactamente lo que significa la verdadera politica dividirse la riqueza del país entre unos cuantos sólo se puede guardar por todos estos delincuentes políticos un sentimiento de vivisima repugnancia,exactamente significar verdadero politica dividir riqueza pais cuanto guardar delincuente politico sentimiento vivisima repugnancia,14,2,0,0,0,0,0,channel,@quorumgt/videos,hace 2 años
UgzwvEpQc3M_AWvNDad4AaABAg,lj983NWyAQY,UCRcSR3Lvn9DZAmJpVPANfZQ,@WalksandSuch,walksandsuch,UCXa6LVjBzUtmcM3cwbd9e2w,Municipalidad de Guatemala,muy padre. saludos desde mexico.,muy padre saludos desde mexico,padre mexico,2,68,0,0,0,0,0,topic,Municipalidad de Guatemala,hace 7 años
Ugzx7TTfRu5S-pT0LuZ4AaABAg,n8iP75gIpmw,UCz3gu01bmjNv0DpRq-K3XYg,@eusebiovasquez4385,eusebiovasquez4385,UCE4rsXcgDb6e1-a9iTbWzfg,Quorum,Pero que estará aportando éste delincuente,pero que estará aportando éste delincuente,aportar delincuente,2,1,0,0,0,0,0,channel,@quorumgt/videos,hace 2 años
UgzxhrnRAMNePfy6u7J4AaABAg,PjmxCj-a9Hg,UCGX_UbAQOXGZknv5iqklwTA,@ronaldgarcia8522,ronaldgarcia8522,UC-ZtFBHzgkYFh7whZkuR_Ag,Gobierno de la República de Guatemala,Este hombre esta loco,este hombre esta loco,hombre loco,2,1,0,0,0,0,0,topic,@GobiernodeGuatemala,hace 1 año
UgzzpE27HS1dmWfyATJ4AaABAg,n8iP75gIpmw,UC-hfX8J5JPJ-dfuakzegMLA,@normaleticiaorozcojuarez2418,normaleticiaorozcojuarez2418,UCE4rsXcgDb6e1-a9iTbWzfg,Quorum,"Si son asesores los que participan en las mesas de trabajo, ellos también tienen buenos sueldos y pueden costear sus gastos personales, jamás con el sueldo de  los Diputados y menos con recursos del pueblo, hay que ser  verdaderamente CABAL. Con respecto a el trabajo que realizan , cualquier proyecto que sea  y en sus diferentes etapas, considero que lo hace porque le gusta  y se siente realizado, se le recuerda que no es gratis, reciben un sueldo y que los compromisos laborales no se resuelven en un restaurante,  para eso están oficinas, las reuniones  en estos lugares es más convivencia que trabajo.  Que Dios les ilumine.",si son asesores los que participan en las mesas de trabajo ellos también tienen buenos sueldos y pueden costear sus gastos personales jamás con el sueldo de los diputados y menos con recursos del pueblo hay que ser verdaderamente cabal con respecto a el trabajo que realizan cualquier proyecto que sea y en sus diferentes etapas considero que lo hace porque le gusta y se siente realizado se le recuerda que no es gratis reciben un sueldo y que los compromisos laborales no se resuelven en un restaurante para eso están oficinas las reuniones en estos lugares es más convivencia que trabajo que dios les ilumine,asesor participar mesa trabajo sueldo costear gasto personal jamas sueldo diputado recurso pueblo verdaderamente cabal respecto trabajo realizar cualquiera proyecto diferente etapa considerar gustar realizar recordar gratis recibir sueldo compromiso laboral resolver restaurante oficina reunion lugar convivencia trabajo dios iluminar,40,6,0,0,0,0,0,channel,@quorumgt/videos,hace 2 años (editado)
